,age,household_insurance,Outcome,duration,car_insurance
0,47.0,1,0,129,0
1,46.0314421,0,0,17598,1
2,36.0,1,0,515,1
3,32.0,0,0,750,1
4,30.0,1,-1,884,1
5,37.0,0,0,224,1
6,30.0,0,0,347,0
7,21.0,0,-1,115,0
8,52.09170388,0,0,616,1
9,49.0,0,0,1293,1
10,41.0,0,0,89,0
11,45.0,0,0,122,1
12,33.63174854,0,0,153,1
13,40.2912101,0,0,63463,1
14,37.0,0,0,315,0
15,57.07889625,0,0,9232,1
16,48.0,0,0,429,0
17,35.0,0,0,949,1
18,45.0,0,0,93,0
19,27.0,1,0,85,0
20,47.51817327,1,0,23934,1
21,36.0,1,0,812,1
22,50.0,1,0,354,0
23,41.0,1,0,106,0
24,58.0,0,0,227,0
25,34.0,0,0,401,0
26,35.0,1,-1,202,0
27,51.0,0,0,270,0
28,73.0,0,0,281,1
29,26.50792948,1,0,71395,1
30,32.0,0,0,443,1
31,33.0,0,0,445,1
32,54.0,0,0,118,0
33,42.0,1,1,271,1
34,32.0,0,0,121,0
35,40.53729729,1,0,11538,1
36,57.96882027,0,0,27280,1
37,32.0,0,0,199,1
38,58.0,1,0,290,0
39,27.0,1,0,391,1
40,39.0,1,0,152,0
41,44.0,0,1,167,1
42,45.0,0,0,341,1
43,42.0,0,1,233,0
44,36.0,1,-1,135,0
45,34.50839039,0,0,10597,1
46,37.0,0,0,105,0
47,58.0,1,0,146,0
48,23.0,1,0,743,0
49,47.54018816,0,0,23236,1
50,33.0,1,0,310,0
51,54.0,0,0,696,1
52,36.10455645,1,0,28295,1
53,48.04146479,1,0,73008,1
54,35.49788812,1,0,74984,1
55,31.0,0,1,163,1
56,30.0,1,0,297,0
57,34.0,1,-1,211,0
58,37.0,0,0,372,0
59,40.0,0,0,19,0
60,45.0,0,0,215,0
61,21.0,1,0,103,0
62,43.0,1,-1,257,1
63,34.0,1,-1,114,1
64,50.0,0,0,43,0
65,64.0,0,0,232,1
66,40.0,1,0,390,0
67,30.0,0,0,133,0
68,72.70751211,0,0,14682,1
69,35.64856284,1,0,59128,1
70,40.0,1,0,112,0
71,29.0,1,0,1036,1
72,33.0,1,-1,58,0
73,29.04306702,0,0,71171,1
74,60.1415411,0,0,61288,1
75,35.0,0,0,81,0
76,42.0,1,0,204,0
77,32.0,1,1,158,0
78,29.92690041,0,0,76418,1
79,32.0,1,0,709,1
80,36.0,0,-1,324,0
81,32.0,1,0,51,0
82,37.15101682,0,0,63185,1
83,59.0,1,-1,213,0
84,51.13401255,1,1,153,1
85,35.0,0,0,166,0
86,48.26622859,1,0,26041,1
87,39.0,0,0,348,1
88,35.38792894,0,1,14576,1
89,27.0,1,0,55,0
90,34.0,0,1,89,1
91,27.0,0,0,220,1
92,35.0,1,0,333,1
93,25.0,0,0,347,0
94,31.0,1,0,688,1
95,38.0,1,0,163,0
96,30.0,1,0,172,0
97,39.0,1,0,240,0
98,43.0,1,0,371,0
99,41.0,1,0,135,1
100,40.37357353,1,0,13816,1
101,42.0,0,0,193,1
102,66.0,0,0,290,1
103,36.96725931,1,0,9737,1
104,43.0,0,1,261,1
105,58.82684676,0,0,25081,1
106,33.0,1,0,266,0
107,39.40229607,1,0,19446,1
108,37.0,0,0,162,1
109,49.03497053,0,-1,58659,1
110,47.0,0,1,163,1
111,27.0,0,0,168,0
112,34.43845479,1,0,65649,1
113,83.0,0,0,115,1
114,35.66114263,1,0,153,1
115,41.68873848,1,1,76098,1
116,47.0,1,0,478,1
117,32.0,1,0,132,0
118,60.0,0,0,1193,1
119,34.0,1,0,320,0
120,44.0,1,0,179,0
121,55.0,0,0,922,1
122,34.0,1,-1,515,1
123,72.0,0,0,189,1
124,42.0,1,0,325,0
125,51.0,0,0,977,1
126,28.0,1,0,767,1
127,56.0,1,0,336,0
128,43.0,1,-1,539,0
129,54.0,1,0,121,0
130,42.0,1,0,562,1
131,28.0,0,0,554,0
132,45.0,0,0,272,1
133,32.0,0,-1,161,1
134,62.449084,0,0,146,1
135,34.0,1,0,2231,1
136,34.0,0,0,158,0
137,42.27034043,0,1,24430,1
138,37.0,0,0,315,0
139,31.0,0,0,24268,1
140,18.0,0,0,169,1
141,43.0,1,0,70,0
142,27.0,1,0,309,0
143,45.36071605,1,0,1500,1
144,71.0,0,1,471,1
145,65.83756496,0,0,27865,1
146,43.91638975,0,0,6760,1
147,32.0,0,0,48,0
148,30.0,1,0,444,0
149,49.0,1,0,380,0
150,42.00628933,0,0,26848,1
151,34.0,0,0,123,0
152,40.93105334,0,0,24268,1
153,56.0,0,0,1467,1
154,64.0,0,0,219,1
155,26.0,1,0,224,0
156,50.0,0,0,112,0
157,39.0,1,0,209,0
158,47.0,1,0,81,0
159,33.0,0,0,352,1
160,34.0,1,0,165,0
161,26.0,1,0,654,1
162,24.0,0,0,475,1
163,34.0,0,0,37,0
164,57.0,0,0,378,1
165,40.0,1,0,503,1
166,58.0,1,0,985,1
167,50.81779397,0,0,65932,1
168,57.0,0,0,187,0
169,32.0,1,-1,61,1
170,36.0,0,1,419,1
171,56.0,1,0,382,1
172,37.0,1,0,128,0
173,47.0,0,1,439,1
174,40.0,0,1,1702,1
175,30.0,0,0,528,1
176,48.71587019,1,0,63191,1
177,30.0,1,0,326,0
178,47.14419146,1,0,24378,1
179,42.0,1,0,98,0
180,47.0,1,0,83,0
181,35.0,1,0,131,0
182,25.0,0,0,1341,1
183,31.0,0,0,355,1
184,33.0,1,0,96,0
185,36.0,0,0,429,0
186,43.97387864,0,-1,23729,1
187,41.0,1,0,395,1
188,45.0,1,1,418,1
189,47.0,0,0,66,0
190,25.0,1,0,903,1
191,38.0,1,0,70,0
192,29.0,1,0,157,0
193,49.0,0,0,396,0
194,58.0,0,0,179,0
195,44.0,1,0,294,0
196,50.3719209,0,1,23843,1
197,55.0,1,0,338,1
198,34.0,0,0,160,0
199,35.0,0,0,239,0
200,37.0,1,0,206,0
201,59.0,0,0,1152,1
202,55.0,1,0,918,1
203,70.0,0,0,651,1
204,39.0,0,0,67547,1
205,27.0,1,0,733,1
206,27.0,0,0,658,1
207,33.0,0,0,80,1
208,38.0,0,0,1409,1
209,49.0,0,0,1917,1
210,41.0,1,0,288,0
211,24.0,1,0,935,1
212,46.0,1,0,96,0
213,43.0,0,0,618,1
214,49.0,0,0,482,0
215,35.50721295,1,0,72773,1
216,56.0,0,0,96,1
217,32.0,1,-1,169,0
218,24.32684476,0,0,20218,1
219,34.0,1,0,34,0
220,45.0,0,0,102,0
221,50.0,0,0,88,0
222,41.0,1,0,82,0
223,51.0,1,0,1248,1
224,33.0,0,-1,228,0
225,32.0,1,0,291,0
226,31.81238431,0,0,21934,1
227,77.0,0,0,373,1
228,24.30887499,0,0,18106,1
229,35.0,0,0,985,1
230,73.0,0,-1,562,1
231,45.0,0,0,264,1
232,53.35503179,0,0,17743,1
233,34.0,1,-1,154,0
234,31.0,1,0,444,1
235,37.0,0,0,262,0
236,38.47515871,0,0,25597,1
237,42.48226908,1,1,13063,1
238,38.0,0,0,516,1
239,61.0,1,1,181,1
240,26.0,1,0,253,0
241,50.0,1,0,146,0
242,27.09309772,1,1,406,1
243,36.73747356,0,0,20659,1
244,30.0,0,-1,26,0
245,28.0,0,0,191,1
246,37.0,0,0,291,1
247,51.1276134,1,0,66429,1
248,45.0,0,0,157,0
249,34.05190188,0,0,82025,1
250,54.0,1,-1,94,0
251,47.0,1,0,289,1
252,67.0,0,0,254,1
253,37.2510189,1,0,66429,1
254,62.0,0,0,505,1
255,43.0,0,0,107,0
256,32.14739344,0,0,19132,1
257,30.0,0,0,192,0
258,52.0,0,0,1223,1
259,33.0,1,1,122,1
260,38.0,1,0,296,0
261,34.42873143,1,0,70836,1
262,34.0,1,0,31,0
263,28.0,1,0,33,0
264,51.47764769,0,1,14981,1
265,55.00573147,1,0,10484,1
266,58.0,0,0,78,0
267,43.82958132,1,0,24157,1
268,62.0,0,1,187,1
269,28.10552999,0,1,75316,1
270,39.0,1,0,877,1
271,27.0,1,0,84,0
272,43.0,0,0,333,0
273,42.0,1,0,174,0
274,36.0,0,0,230,0
275,39.21250982,0,0,21760,1
276,31.0,0,0,191,0
277,37.0,1,0,28,0
278,30.0,1,0,99,0
279,57.0,0,-1,700,1
280,41.40619347,1,0,68029,1
281,48.87485153,1,0,805,1
282,34.0,0,1,292,1
283,34.57393228,0,0,60025,1
284,39.0,0,0,141,0
285,34.0,1,0,115,0
286,50.82237658,1,0,449,1
287,35.0,0,0,434,1
288,40.0,1,-1,55,0
289,55.0,0,1,305,1
290,39.0,1,-1,515,0
291,53.0,0,0,1310,1
292,36.0,0,0,288,0
293,51.0,0,1,662,1
294,38.0,0,0,102,0
295,30.0,1,0,58,0
296,22.52431034,0,0,10876,1
297,30.0,0,0,299,0
298,54.0,0,0,100,0
299,34.0,1,0,109,0
300,59.0,0,0,93,0
301,46.0,0,0,61,0
302,34.0,1,0,252,1
303,36.0,1,-1,346,0
304,51.0,1,0,142,0
305,33.0,1,1,293,1
306,29.0,0,0,279,1
307,39.0,0,0,864,1
308,26.0,1,-1,55,0
309,24.0,0,0,107,0
310,55.0,1,0,234,0
311,36.0,0,0,317,0
312,32.0,1,-1,783,1
313,24.0,1,0,267,1
314,27.0,1,0,525,1
315,24.0,0,0,334,1
316,63.0,0,1,263,1
317,28.0,1,-1,981,1
318,50.0,0,0,106,0
319,48.0,1,0,152,0
320,37.0,1,0,153,0
321,36.20576584,1,0,24737,1
322,46.0,0,0,796,1
323,59.0,0,0,1134,1
324,25.0,0,-1,43,0
325,38.27566793,1,1,1806,1
326,51.0,0,0,371,1
327,63.0,0,0,212,1
328,35.0,0,0,108,0
329,37.0,0,0,200,0
330,52.0,0,0,198,0
331,35.0,1,0,350,1
332,59.0,0,0,205,0
333,25.0,1,0,24,0
334,47.0,1,0,564,0
335,40.30795079,0,0,59726,1
336,34.0,0,0,78,1
337,45.0,1,0,835,1
338,31.0,0,1,1161,1
339,35.0,1,0,542,1
340,33.0,1,0,227,0
341,32.81391562,1,0,7407,1
342,65.0,0,0,323,1
343,59.0,0,0,805,1
344,26.0,1,0,137,1
345,34.0,0,1,220,1
346,58.0,0,1,495,1
347,40.0,1,0,22976,1
348,52.0,0,0,393,0
349,28.59328816,1,0,23997,1
350,58.0,0,-1,165,1
351,38.0,1,0,114,0
352,50.0,0,0,104,0
353,30.0,1,-1,984,1
354,24.0,0,0,245,1
355,21.0,0,0,92,1
356,42.0411481,0,0,13294,1
357,62.0,0,1,606,1
358,30.0,1,0,209,0
359,60.0,0,0,70,0
360,28.0,0,0,357,1
361,35.0,1,0,29,0
362,61.0,0,1,520,1
363,35.0,0,-1,343,1
364,40.0,1,0,232,1
365,29.0,0,0,190,0
366,39.0,1,0,146,1
367,63.39427257,0,0,14537,1
368,33.0,1,-1,499,0
369,54.34204491,0,0,13517,1
370,34.0,1,0,108,0
371,37.0,1,-1,419,0
372,30.0,1,0,150,1
373,47.11603591,0,0,17517,1
374,66.0,0,1,216,1
375,39.0,1,0,72,0
376,37.0,0,1,759,1
377,52.0,0,0,131,0
378,23.0,0,0,100,1
379,35.0,1,1,214,0
380,34.0,1,1,262,1
381,49.0,1,0,1081,1
382,37.47127895,0,0,11607,1
383,51.0,0,0,574,1
384,43.0,0,-1,109,0
385,22.0,1,0,150,0
386,33.43514508,1,0,66408,1
387,35.0,0,0,98,0
388,37.0,1,-1,28,0
389,69.35110804,1,0,252,1
390,46.0,0,0,541,1
391,33.0,0,0,1148,1
392,24.0,1,0,217,0
393,42.0,0,0,7,0
394,25.0,1,-1,832,1
395,58.0,0,-1,78,0
396,29.21376894,0,0,600,1
397,46.0,1,0,1196,1
398,60.0,1,0,1120,1
399,33.0,0,0,398,1
400,47.0,1,0,178,0
401,50.0,0,0,184,0
402,49.0,0,0,388,1
403,51.0,0,0,302,1
404,57.0,1,0,684,0
405,30.0,1,0,249,0
406,43.0,0,0,363,1
407,32.0,0,0,356,1
408,29.0,1,0,122,0
409,30.0,1,0,106,0
410,31.0,1,0,572,0
411,31.0,0,0,43,0
412,28.0,0,0,151,0
413,38.0,1,0,800,0
414,27.0,1,-1,170,0
415,42.0,0,-1,361,0
416,38.0,0,0,191,0
417,34.0,0,0,54,0
418,55.0,1,0,92,0
419,32.0,1,0,181,0
420,60.0,0,0,89,0
421,32.0,0,0,84,1
422,29.0,0,1,328,1
423,41.0,1,0,1156,1
424,47.0,1,0,437,0
425,38.34391962,0,0,4972,1
426,57.41975502,0,0,27456,1
427,30.0,1,0,94,0
428,37.0,0,0,395,0
429,59.0,0,1,198,1
430,44.0,0,0,133,1
431,31.42847866,1,0,18817,1
432,46.0,1,0,310,1
433,36.0,0,-1,230,1
434,28.36762617,1,0,11228,1
435,45.0,0,0,167,0
436,29.0,0,0,2775,1
437,41.97758082,1,0,7883,1
438,49.0,1,0,1366,1
439,34.0,1,0,1806,1
440,50.0,1,-1,615,1
441,34.0,1,-1,88,0
442,45.0,0,0,293,0
443,38.0,0,0,141,0
444,26.0,0,0,239,0
445,32.0,1,-1,1598,1
446,52.0,1,0,159,0
447,31.0,0,0,103,0
448,50.0,1,0,604,0
449,38.95927785,0,-1,18988,1
450,36.0,1,0,184,0
451,42.0,0,0,156,1
452,31.0,0,0,261,1
453,45.0,0,0,84,1
454,31.0,0,0,176,1
455,41.0,1,0,734,1
456,29.0,0,0,52,0
457,59.0,0,0,602,0
458,26.0,0,0,148,1
459,73.0,0,0,210,1
460,44.0,0,0,204,1
461,61.0,0,1,639,1
462,36.34662296,0,0,1471,1
463,66.0,0,-1,414,0
464,34.0,1,0,80,0
465,56.0,0,0,42,0
466,46.0,0,0,72,0
467,44.0,0,0,280,0
468,34.0,1,-1,177,0
469,56.0,1,0,151,0
470,32.74323197,0,0,22670,1
471,33.02841651,1,0,16763,1
472,26.0,1,0,138,0
473,47.0,0,0,175,0
474,60.0,0,-1,173,1
475,32.0,1,0,202,0
476,30.0,1,0,1031,1
477,38.0,1,0,762,1
478,46.0,0,0,117,0
479,42.0,0,-1,549,0
480,61.0,0,0,381,1
481,34.0,1,0,835,1
482,49.0,1,0,162,0
483,32.0,1,0,203,0
484,35.0,0,0,593,1
485,25.0,0,0,207,0
486,31.0,1,0,347,1
487,27.04520008,0,0,60043,1
488,37.0,1,-1,127,0
489,39.0,0,0,1420,1
490,28.0,0,0,867,1
491,31.0,1,0,93,0
492,40.0,1,0,267,0
493,44.0,1,-1,551,1
494,56.58383998,0,0,10102,1
495,24.0,0,-1,256,1
496,34.0,1,-1,420,0
497,35.0,1,0,220,0
498,49.0,1,0,36,0
499,36.0,1,0,485,0
500,36.0,1,0,306,0
501,57.0,1,0,260,0
502,33.0,1,0,244,0
503,58.0,1,0,316,0
504,39.0,1,-1,75,0
505,21.0,1,0,83,0
506,42.07629593,0,0,58508,1
507,60.0,1,0,1015,1
508,30.0,1,0,433,0
509,40.0,0,0,165,0
510,50.0,0,0,670,1
511,59.0,1,0,157,0
512,36.0,0,0,584,1
513,52.0,0,0,181,1
514,52.0,0,0,112,0
515,52.0,1,0,1144,1
516,29.83925196,0,0,20907,1
517,82.0,0,0,506,1
518,30.0,1,0,1109,1
519,31.0,1,0,1532,1
520,33.0,0,0,167,0
521,49.72602013,1,0,1366,1
522,32.0,0,0,187,1
523,29.54742081,0,0,19132,1
524,47.0,0,0,291,0
525,39.53864867,0,0,67771,1
526,52.0,1,0,163,0
527,44.0,1,-1,126,0
528,52.0,0,0,112,0
529,45.21463287,1,0,15186,1
530,53.0,1,1,282,1
531,47.0,0,0,101,1
532,56.0,1,0,80,0
533,29.0,0,0,393,1
534,24.0,0,0,109,0
535,27.0,0,1,265,1
536,58.0,0,-1,136,0
537,27.0,1,0,590,1
538,37.0,1,-1,85,0
539,65.0,0,0,465,0
540,55.0,0,0,814,1
541,39.0,0,0,648,1
542,47.0,0,0,136,1
543,32.81755778,0,0,24229,1
544,32.0,0,0,475,0
545,25.0,1,0,754,1
546,58.0,0,0,41,0
547,52.0,1,-1,352,0
548,49.0,0,0,70,0
549,39.0,1,0,37,0
550,46.0,0,0,29,0
551,31.0,0,0,77,0
552,32.0,1,0,191,0
553,29.0,1,0,341,0
554,30.0,0,1,337,1
555,32.0,0,0,126,1
556,38.0,1,-1,120,0
557,30.0,1,0,325,1
558,32.0,0,-1,440,1
559,53.0,0,0,255,0
560,41.70559575,0,0,663,1
561,45.0,1,-1,93,0
562,53.0,1,0,89,0
563,53.0,0,0,146,0
564,36.0,0,0,589,1
565,30.0,0,0,112,0
566,46.0,0,0,573,1
567,56.0,0,0,111,0
568,52.0,1,0,755,1
569,40.0,1,0,430,1
570,41.0,1,0,276,0
571,35.0,1,0,1349,1
572,53.0,1,0,677,1
573,29.73190235,0,0,67935,1
574,36.0,0,0,812,1
575,53.0,0,-1,52,0
576,45.0,1,0,298,0
577,78.0,0,0,351,1
578,40.0,1,0,128,0
579,57.0,1,0,52,0
580,38.0,1,1,576,1
581,41.0,0,0,122,0
582,56.0,1,0,162,0
583,47.0,1,0,118,0
584,56.0,1,-1,171,0
585,37.0,1,0,214,0
586,30.0,1,0,173,1
587,45.14809795,0,0,18586,1
588,34.0,1,0,136,0
589,45.0,0,0,234,0
590,45.0,1,-1,1135,1
591,30.0,1,0,83,0
592,38.0,1,-1,74,0
593,34.0,0,0,24,0
594,43.0,1,0,1721,1
595,40.0,1,0,190,0
596,31.0,1,0,238,0
597,51.0,0,0,176,0
598,42.79302765,0,1,7697,1
599,31.33885915,0,1,23768,1
600,31.0,1,0,575,1
601,36.0,0,0,245,0
602,67.0,0,1,344,1
603,47.0,0,0,333,0
604,33.99657266,0,0,23546,1
605,36.17244355,1,-1,8800,1
606,31.0,0,0,1344,1
607,32.0,1,-1,574,1
608,37.0,1,0,1789,1
609,35.0,1,0,860,1
610,39.0,0,0,539,1
611,30.03516983,1,0,21267,1
612,34.0,1,0,1022,1
613,37.07294475,1,0,63850,1
614,48.0,0,0,123,0
615,32.0,1,0,777,1
616,28.0,1,0,122,0
617,54.0,1,0,301,0
618,48.0,0,0,136,0
619,24.0,0,0,1298,1
620,38.0,0,0,553,0
621,31.0,1,0,118,0
622,37.0,1,1,1353,1
623,33.0,0,0,129,0
624,44.0,1,0,1273,0
625,40.78797463,1,0,77152,1
626,52.0,1,0,114,0
627,33.0,0,-1,425,0
628,49.95352344,0,0,27165,1
629,59.0,0,0,113,0
630,32.0,1,0,345,0
631,41.45595027,0,0,288,1
632,47.0,1,0,65,0
633,35.0,0,0,410,1
634,43.0297208,1,0,14876,1
635,37.0,1,-1,62,0
636,27.0,0,0,11,0
637,51.0,0,0,638,1
638,35.0,0,0,479,0
639,35.0,1,0,62,0
640,35.0,1,0,70,0
641,58.0,1,0,339,0
642,56.31788104,0,0,3582,1
643,46.87592836,0,0,4663,1
644,60.0,0,1,270,1
645,44.0,0,0,412,1
646,58.0,0,0,885,1
647,42.0,0,0,127,1
648,40.0,0,-1,408,0
649,43.0,0,0,332,0
650,26.0,0,0,210,1
651,31.0,0,1,153,1
652,36.0,1,-1,117,1
653,36.0,1,0,482,0
654,34.0,1,0,612,1
655,35.0,1,-1,55,0
656,51.0,0,0,60,0
657,60.0,0,1,173,1
658,45.29778196,0,1,1806,1
659,38.0,0,0,407,0
660,51.0,1,0,68,0
661,49.0,0,0,322,0
662,47.0,0,0,236,0
663,34.0,0,1,356,1
664,35.0,1,0,215,1
665,36.0,1,0,83,0
666,57.0,0,0,207,0
667,36.0,1,-1,61,0
668,61.0,0,0,998,1
669,27.0,1,0,77,0
670,33.5497955,0,0,12788,1
671,30.0,1,0,69,0
672,34.0,0,0,738,1
673,32.0,0,0,318,0
674,29.0,1,-1,961,1
675,53.99349629,0,1,14981,1
676,43.90643361,1,0,28295,1
677,55.0,0,-1,169,1
678,45.0,0,0,587,1
679,35.76916696,0,0,23934,1
680,30.0,1,0,125,0
681,73.0,1,0,146,1
682,47.0,0,0,60,0
683,32.0,1,0,26,0
684,33.0,0,0,966,0
685,43.55185055,0,0,25658,1
686,30.0,1,0,420,1
687,37.0,0,0,141,1
688,48.0,0,0,158,0
689,35.0,0,-1,132,0
690,37.0,0,0,1135,1
691,51.0,1,0,70,0
692,32.6855558,1,0,18427,1
693,38.09830346,1,0,268,1
694,58.0,0,0,169,0
695,49.0,1,0,43,0
696,40.0,0,0,69,1
697,39.95927938,1,1,8626,1
698,32.3518503,0,0,23997,1
699,49.0,1,1,407,1
700,42.0,1,0,9,0
701,51.0,1,0,411,0
702,35.0,0,0,504,1
703,34.0,1,0,153,0
704,36.34473561,0,0,22670,1
705,30.0,0,0,209,0
706,45.0,0,0,212,0
707,81.0,0,0,198,0
708,33.0,1,0,588,1
709,38.5950647,1,0,268,1
710,31.0,1,0,572,1
711,41.79633371,1,0,701,1
712,51.0,0,0,71,0
713,56.54135952,0,0,67528,1
714,32.0,1,-1,131,0
715,59.0,0,0,494,1
716,34.0,0,0,730,1
717,38.86041254,0,0,29465,1
718,24.72214248,0,0,19472,1
719,35.08453765,0,0,6765,1
720,62.0,0,1,147,0
721,62.0,0,0,709,1
722,39.43255755,1,0,9225,1
723,35.0,0,0,199,1
724,40.39546707,1,0,8073,1
725,38.0,0,0,132,0
726,48.0,0,0,270,0
727,30.0,1,-1,146,0
728,23.0,1,0,92,0
729,32.0,1,0,411,1
730,25.0,0,0,104,1
731,36.21781213,1,0,70490,1
732,40.62351018,0,0,282,1
733,41.0,1,0,929,1
734,43.0,1,0,420,0
735,67.0,0,1,279,1
736,42.0,1,0,96,0
737,43.0,1,0,1258,1
738,29.0,0,0,153,0
739,40.0,1,-1,204,0
740,41.0,1,0,640,1
741,28.0,1,-1,546,1
742,46.0,0,0,12,0
743,72.0,0,1,260,1
744,40.0,1,0,657,1
745,24.0,0,0,114,0
746,41.0,0,0,1053,1
747,38.28499408,0,0,23181,1
748,56.0,1,0,367,0
749,27.44066609,1,0,66054,1
750,38.35947811,1,0,21274,1
751,30.0,0,0,220,0
752,52.0,0,0,254,0
753,31.0,1,0,230,0
754,53.0,1,0,201,0
755,39.0,1,0,99,0
756,41.80064212,0,0,6760,1
757,45.0,1,1,582,1
758,25.0,1,0,40,0
759,32.0,0,0,492,1
760,19.0,0,0,252,1
761,42.0,1,0,650,0
762,49.0,0,0,278,0
763,42.0,1,0,190,0
764,60.0,0,0,355,0
765,31.28895821,1,0,22173,1
766,62.0,0,1,554,1
767,51.0,1,0,114,0
768,30.0,0,0,716,1
769,60.0,0,1,137,1
770,34.0,1,0,643,0
771,33.0,0,0,600,1
772,32.0,1,0,114,1
773,54.0,0,0,1635,1
774,56.0,0,0,149,0
775,39.0,1,0,882,1
776,37.0,0,1,315,1
777,46.0,1,0,69,0
778,25.0,0,0,138,1
779,34.8174674,0,1,562,1
780,29.0,0,1,214,1
781,39.0844955,0,1,784,1
782,30.0,1,0,751,1
783,29.0,1,0,74,0
784,48.0,1,0,1393,1
785,49.0,1,-1,126,0
786,58.0,1,0,204,0
787,69.0,0,0,260,1
788,28.0,0,0,261,1
789,49.0,0,1,192,1
790,52.17292054,0,0,75208,1
791,41.0,0,0,651,1
792,50.0,0,0,22,0
793,44.0,1,0,271,0
794,69.0,0,1,211,1
795,60.0,0,0,754,0
796,40.0,1,0,750,1
797,33.0,1,0,82,0
798,49.0,0,0,79,0
799,32.0,0,0,86,0
800,28.0,0,-1,433,1
801,71.0,0,0,747,1
802,40.0,1,0,78,0
803,35.0,1,-1,326,1
804,51.66051109,0,1,175,1
805,69.0,0,0,184,1
806,38.0,0,0,70,0
807,30.0,1,0,370,1
808,47.28848237,0,1,28277,1
809,29.32223712,1,0,65185,1
810,46.0,1,0,523,1
811,44.58568479,0,0,12687,1
812,50.0,0,0,460,0
813,37.0,1,0,469,0
814,32.0,0,0,171,1
815,46.0,0,0,269,1
816,70.0,0,-1,228,0
817,24.0,0,-1,184,1
818,67.0,0,-1,259,1
819,28.0,1,0,206,0
820,34.0,1,0,160,1
821,39.41018765,0,0,1057,1
822,37.90275542,0,0,638,1
823,37.0,0,0,127,0
824,34.69516872,1,0,60720,1
825,26.48816336,0,0,10096,1
826,36.0,1,-1,99,0
827,52.0,0,0,1007,1
828,33.0,1,0,16,0
829,59.64461982,0,1,15630,1
830,51.0,0,0,476,1
831,41.08349918,0,0,199,1
832,32.0,1,0,144,0
833,27.0,0,0,82,0
834,45.0,1,0,460,1
835,38.0,1,0,604,1
836,61.0,0,0,113,1
837,35.0,1,0,81,0
838,34.0,1,0,71,1
839,48.96671872,0,0,5799,1
840,42.0,1,0,10,0
841,29.0,0,0,293,1
842,43.0,1,0,187,1
843,26.0,0,0,91,0
844,48.0,0,0,452,0
845,33.0,1,-1,196,1
846,35.0,0,0,243,0
847,38.0,1,-1,370,1
848,43.82118719,0,0,17162,1
849,49.0,0,0,140,0
850,59.0,0,-1,500,1
851,35.0,0,0,75,0
852,49.86429417,0,0,16302,1
853,40.0,1,0,553,1
854,31.0,1,0,198,0
855,58.0,1,0,1272,1
856,52.0,1,0,55,0
857,36.89479326,0,0,15637,1
858,37.04789694,0,1,61274,1
859,59.31203258,1,-1,23729,1
860,41.0,1,0,85,0
861,32.0,0,0,204,0
862,40.01433651,0,0,10239,1
863,31.0,1,0,61276,1
864,25.0,0,0,293,0
865,60.0,0,0,472,0
866,49.0,0,0,559,1
867,65.0,0,0,148,1
868,45.0,0,0,574,1
869,43.65532605,1,-1,4417,1
870,39.0,1,0,173,0
871,46.0,0,0,1206,1
872,42.0,1,1,153,1
873,58.0,1,0,788,0
874,32.0,1,0,676,0
875,35.0,1,0,108,0
876,22.0,0,0,245,0
877,36.0,0,0,213,1
878,57.0,1,0,47,0
879,52.0,0,1,153,1
880,38.0,1,0,185,0
881,26.0,0,-1,192,1
882,27.0,0,0,767,1
883,51.0,0,-1,143,0
884,47.83291908,1,0,11957,1
885,58.0,0,0,60,0
886,55.0,0,0,437,1
887,26.0,0,0,48,0
888,45.0,1,0,90,0
889,44.14243971,1,0,60655,1
890,23.0,1,0,68,0
891,34.10841951,0,1,6584,1
892,47.03513035,0,0,26618,1
893,35.0,1,0,7,0
894,33.0,0,0,719,0
895,40.0,1,0,849,1
896,58.0,0,0,155,0
897,23.0,0,0,192,1
898,39.0,0,0,554,1
899,48.0,0,0,270,1
900,45.0,1,0,257,0
901,32.0,1,-1,414,1
902,48.0,1,0,364,0
903,41.0,1,0,326,0
904,29.0,1,0,116,0
905,28.0,1,0,72,0
906,44.0,0,-1,692,0
907,42.0,1,0,590,1
908,35.0,0,0,202,0
909,33.22589434,1,0,59128,1
910,30.92356784,0,0,112,1
911,35.0,0,0,200,1
912,28.0,1,-1,269,1
913,34.0,1,-1,153,0
914,37.0,1,0,125,0
915,32.0,1,-1,1579,1
916,34.0,0,0,300,1
917,53.0,0,1,226,1
918,38.0,1,0,406,1
919,43.0,1,0,153,0
920,28.0,0,0,133,0
921,33.0,0,0,341,1
922,46.0,0,0,139,0
923,53.0,0,0,112,0
924,34.90365431,1,1,14935,1
925,47.43088298,0,0,27549,1
926,34.0,1,0,317,0
927,28.0,1,0,602,0
928,28.4261653,1,0,21830,1
929,30.0,0,0,366,1
930,27.0,0,1,218,1
931,36.0,1,0,904,1
932,40.1245436,0,0,75244,1
933,30.91542956,1,0,512,1
934,57.0,0,0,44,0
935,46.95520181,0,0,24343,1
936,37.0,1,0,61,0
937,40.0,1,0,110,0
938,57.0,0,0,913,1
939,46.39371333,0,0,21813,1
940,50.0,1,0,1340,1
941,43.0,1,-1,109,0
942,44.0,1,0,17,0
943,30.0,1,0,610,1
944,31.0,1,-1,305,1
945,47.0,1,0,1080,1
946,30.0,1,0,133,0
947,30.0,1,0,792,1
948,33.4379622,0,1,437,1
949,37.53886821,0,0,22670,1
950,52.0,0,0,753,1
951,60.0,0,0,324,0
952,32.87018172,0,1,20453,1
953,19.0,0,1,169,1
954,30.0,1,0,658,1
955,49.0,1,0,243,0
956,32.0,1,0,99,0
957,52.0,0,0,179,0
958,25.0,0,0,108,0
959,55.0,0,0,463,1
960,39.0,0,0,133,0
961,30.0,0,1,545,1
962,46.0,1,0,1550,1
963,42.0,1,0,106,0
964,25.0,1,0,857,1
965,77.0,0,1,421,1
966,34.0,1,0,174,1
967,32.61715509,0,0,78600,1
968,47.0,1,0,476,1
969,42.0,1,0,277,0
970,54.0,0,0,651,0
971,31.0,0,1,229,1
972,32.0,1,-1,227,1
973,29.0,1,0,803,1
974,61.0,0,0,288,1
975,56.3183608,0,1,20621,1
976,63.0,0,0,475,1
977,30.0,1,0,306,0
978,38.0,1,0,204,0
979,37.0,0,0,167,0
980,38.18782526,1,-1,10464,1
981,61.0,0,0,670,1
982,40.0,1,0,464,0
983,47.0,1,1,388,1
984,69.51963344,0,1,11887,1
985,49.0,0,0,1226,1
986,37.0,0,0,366,0
987,47.0,0,0,697,1
988,31.0,1,0,274,0
989,47.84399332,1,0,25874,1
990,48.0,0,1,150,1
991,29.0,1,0,160,0
992,60.0,0,0,79,0
993,77.0,0,0,257,1
994,52.0,1,-1,81,0
995,40.0,1,0,134,0
996,63.0,0,1,318,1
997,35.0,0,1,133,1
998,33.0,1,0,127,0
999,36.0,0,0,771,1
1000,49.0,0,0,452,1
1001,36.61767377,1,0,9335,1
1002,43.0,1,0,745,1
1003,64.0,0,1,392,1
1004,29.0,1,-1,414,1
1005,35.0,0,0,504,0
1006,32.0,1,0,40,0
1007,44.0,1,0,246,0
1008,47.0,0,0,374,1
1009,34.0,0,0,268,0
1010,35.0,0,1,1370,1
1011,32.0,0,0,116,0
1012,29.0,0,1,274,1
1013,48.0,1,1,169,1
1014,51.0,0,0,146,0
1015,24.0,0,0,216,1
1016,46.09509127,1,0,19981,1
1017,22.0,0,0,338,1
1018,51.0,0,0,27,0
1019,22.0,1,0,105,0
1020,39.5871485,0,0,20507,1
1021,44.0,1,0,172,0
1022,31.0,0,0,218,0
1023,54.0,0,1,849,1
1024,40.0,0,0,57,0
1025,47.0,1,0,142,0
1026,46.0,0,0,454,0
1027,27.88026505,0,0,12790,1
1028,35.0,1,-1,64,0
1029,50.2026294,0,0,804,1
1030,32.0,1,0,71,0
1031,19.0,0,0,205,1
1032,33.3228856,1,0,12350,1
1033,41.03724954,1,0,10760,1
1034,24.0,0,0,210,1
1035,51.0,1,0,214,0
1036,40.0,1,0,227,0
1037,27.0,1,0,991,1
1038,41.77861199,1,1,15247,1
1039,33.0,1,0,54,0
1040,55.0,0,1,134,1
1041,34.0,0,0,34,1
1042,36.0,1,1,839,1
1043,46.0,1,0,508,1
1044,70.0,0,0,301,1
1045,33.0,0,0,288,1
1046,23.0,0,0,606,1
1047,39.0,1,0,306,0
1048,57.0,1,0,1007,0
1049,49.0,0,0,106,0
1050,40.0,1,0,102,0
1051,79.0,0,0,1106,1
1052,34.0,1,-1,245,1
1053,34.0,1,-1,90,0
1054,64.0,0,0,201,1
1055,36.0,1,1,8,0
1056,35.0,0,0,436,0
1057,56.0,0,0,31,0
1058,35.0,1,-1,809,1
1059,32.0,1,0,451,0
1060,27.0,1,0,694,1
1061,33.0,0,0,439,1
1062,57.0,0,0,202,1
1063,51.0,1,0,287,0
1064,55.0,0,0,345,1
1065,34.0,0,0,213,1
1066,35.008453,1,0,414,1
1067,35.0,0,0,645,0
1068,39.0,0,0,749,1
1069,32.0,0,0,886,0
1070,53.0,0,0,254,1
1071,37.0,1,0,335,0
1072,32.0,1,0,451,0
1073,30.0,1,0,268,1
1074,30.0,0,0,851,1
1075,65.0,0,0,221,1
1076,26.0,0,0,730,0
1077,80.0,0,1,606,1
1078,56.0,0,0,89,0
1079,40.0,0,0,94,0
1080,34.15403304,0,0,9571,1
1081,43.0,1,0,131,0
1082,49.94518369,1,0,16494,1
1083,42.0,1,0,193,0
1084,61.89465147,0,0,23739,1
1085,43.3193914,0,0,18173,1
1086,42.72085159,1,0,61310,1
1087,38.0,0,0,141,0
1088,45.0,1,0,176,0
1089,59.0,0,0,815,1
1090,55.0,1,0,112,0
1091,38.40563233,0,0,57835,1
1092,57.0,1,0,421,1
1093,31.0,0,0,532,0
1094,39.0,0,0,554,1
1095,31.0,1,0,134,0
1096,44.0,1,-1,508,1
1097,39.0,1,0,838,1
1098,36.0,0,0,383,0
1099,64.0,0,1,250,0
1100,52.0,0,1,153,1
1101,60.0,0,0,132,0
1102,48.0,0,0,89,0
1103,43.0,0,1,101,1
1104,49.0,0,0,1439,1
1105,39.99180159,1,0,7675,1
1106,49.0,0,0,808,1
1107,46.0,0,0,1023,1
1108,32.0,0,0,292,1
1109,39.0,0,0,260,0
1110,31.56128297,0,0,403,1
1111,48.0,0,0,371,0
1112,25.0,0,0,170,1
1113,54.0,1,0,252,0
1114,59.69074218,0,0,10916,1
1115,47.0,1,0,454,1
1116,41.0,1,0,142,0
1117,36.0,0,0,130,1
1118,28.0,0,1,255,1
1119,64.72569757,0,0,15482,1
1120,35.76993212,0,0,19134,1
1121,53.0,0,0,921,1
1122,53.0,0,1,211,1
1123,43.0,0,0,430,1
1124,25.0,0,-1,273,1
1125,30.6700706,1,0,6041,1
1126,53.0,0,0,561,1
1127,35.0,1,0,25,0
1128,32.0,0,0,698,1
1129,34.26318792,0,1,8626,1
1130,42.42372778,0,0,266,1
1131,37.0,1,0,668,1
1132,46.0,0,0,565,1
1133,55.0,1,0,103,1
1134,18.0,0,1,210,1
1135,48.0,0,0,302,0
1136,32.0,1,0,402,0
1137,42.0,0,0,875,1
1138,32.0,0,0,686,1
1139,31.0,1,0,154,0
1140,43.0,1,0,902,1
1141,48.0,1,0,533,0
1142,51.49244454,1,0,61930,1
1143,34.50267283,1,0,17020,1
1144,46.0,1,0,308,0
1145,36.0,1,0,52,0
1146,77.0,1,1,361,1
1147,33.0,0,0,85,0
1148,28.0,1,-1,228,0
1149,34.0,0,0,9,0
1150,43.00490561,0,0,16156,1
1151,27.0,0,0,9,0
1152,27.0,0,0,919,1
1153,40.0,1,0,1230,1
1154,41.00370906,1,0,1500,1
1155,31.0,0,0,94,0
1156,43.0,0,0,132,0
1157,52.0,1,-1,45,0
1158,39.21222381,1,0,19636,1
1159,42.0,0,1,230,1
1160,58.0,1,0,790,1
1161,36.0,0,1,208,1
1162,26.15711798,0,0,25024,1
1163,52.0,0,0,210,1
1164,35.0,0,0,12,0
1165,55.0,1,0,126,0
1166,29.0,1,0,667,1
1167,72.63125102,0,1,22107,1
1168,54.47736352,0,0,289,1
1169,42.0,0,0,186,1
1170,36.93649528,0,0,8092,1
1171,35.0,1,-1,75,1
1172,51.0,0,0,93,0
1173,54.74027763,0,1,61274,1
1174,35.0,1,0,738,0
1175,57.0,0,1,567,1
1176,30.0,0,0,674,1
1177,35.0,0,0,9,0
1178,63.39073547,0,0,390,1
1179,27.0,1,0,787,1
1180,80.0,0,0,343,1
1181,59.0,1,0,720,1
1182,32.90833588,1,0,16763,1
1183,31.0,0,1,207,1
1184,35.0,1,0,230,1
1185,43.0,0,0,159,1
1186,61.0,0,0,194,1
1187,22.0,0,0,327,1
1188,29.0,0,0,206,1
1189,75.0,0,0,509,1
1190,43.0,1,0,662,1
1191,35.0,1,0,124,0
1192,39.0,0,-1,48,0
1193,43.02431539,1,0,10402,1
1194,33.0,1,0,1290,1
1195,40.41052771,0,0,21395,1
1196,58.1338986,1,0,67528,1
1197,41.0,1,0,1162,1
1198,36.0,1,0,901,1
1199,54.0,0,0,241,1
1200,29.26250709,1,0,63850,1
1201,44.0,1,0,485,0
1202,35.0,1,0,178,0
1203,34.39941922,0,0,24846,1
1204,54.0,1,0,562,1
1205,56.0,0,0,49,0
1206,27.0,0,0,66,0
1207,58.0,0,0,228,1
1208,48.0,0,0,1790,1
1209,36.44436805,0,0,635,1
1210,32.0,0,0,268,1
1211,25.10662338,0,0,23477,1
1212,41.0,0,0,152,0
1213,59.0,0,0,464,0
1214,34.0,1,-1,20,0
1215,75.0,1,0,136,1
1216,30.47417952,1,0,701,1
1217,55.0,0,0,24149,1
1218,62.0,0,-1,146,1
1219,59.0,1,0,103,0
1220,30.0,0,0,204,1
1221,43.0,0,1,482,1
1222,53.0,1,0,344,0
1223,79.0,0,0,166,1
1224,53.0,1,0,95,0
1225,49.0,1,0,1257,1
1226,27.0,1,0,445,0
1227,61.0,1,1,349,1
1228,30.0,1,0,50,0
1229,33.0,1,0,424,1
1230,40.0,1,0,265,0
1231,31.0,1,0,145,0
1232,41.07255075,1,0,15506,1
1233,49.0,0,-1,181,1
1234,40.0,1,0,920,1
1235,36.50635043,1,0,409,1
1236,29.74837324,1,0,24041,1
1237,50.0,1,0,127,0
1238,34.0,1,0,124,0
1239,39.0,0,0,160,0
1240,61.0,0,0,106,1
1241,50.0,0,0,93,0
1242,47.0,1,1,139,0
1243,30.59814387,0,0,68025,1
1244,37.0,0,0,1000,1
1245,27.0,0,0,93,0
1246,35.0,1,0,208,0
1247,31.79961358,0,1,20668,1
1248,49.70606101,0,0,804,1
1249,58.0,0,0,259,1
1250,77.0,0,1,289,1
1251,59.0,0,0,283,0
1252,26.0,0,0,457,1
1253,28.0,1,0,416,1
1254,26.0,0,0,176,0
1255,27.0,1,0,66,0
1256,57.0,0,0,200,1
1257,43.0,1,0,107,0
1258,32.0,1,-1,293,0
1259,32.0,1,0,262,0
1260,30.0,0,0,269,0
1261,38.0,1,1,347,0
1262,35.0,0,0,45,0
1263,30.0,0,0,112,0
1264,22.0,0,1,363,1
1265,51.0,1,0,185,0
1266,56.0,0,0,158,0
1267,35.0,1,0,236,1
1268,37.0,1,0,124,0
1269,27.0,0,0,82,1
1270,56.0,0,0,59,0
1271,43.0,1,0,134,0
1272,28.0,1,0,200,0
1273,31.0,0,0,366,0
1274,32.0,0,-1,796,1
1275,42.0,0,0,709,1
1276,37.11388856,1,0,9737,1
1277,37.0,1,0,319,0
1278,30.0,1,0,130,0
1279,51.0,1,0,173,0
1280,30.0,1,-1,994,1
1281,41.0,1,0,662,1
1282,37.0,1,0,223,0
1283,45.0,1,0,134,0
1284,40.47341385,0,0,12518,1
1285,37.0,1,0,731,1
1286,36.0,1,0,112,0
1287,25.0,1,0,156,0
1288,44.0,1,0,201,0
1289,29.0,1,0,323,1
1290,53.0,0,0,102,0
1291,27.0,0,1,462,1
1292,30.0,1,0,194,1
1293,36.0,0,0,876,1
1294,44.0,1,0,911,1
1295,39.0,1,0,131,0
1296,41.79927534,0,0,10155,1
1297,59.0,0,0,195,0
1298,65.72680284,0,0,59709,1
1299,33.0,1,0,125,0
1300,25.0,1,-1,195,0
1301,46.0,1,0,93,0
1302,50.0,1,0,270,0
1303,51.0,1,0,151,0
1304,29.21313997,1,0,61465,1
1305,31.0,1,0,96,0
1306,28.19143416,0,0,16126,1
1307,51.0,0,0,267,1
1308,36.0,0,0,151,1
1309,35.0,1,0,103,0
1310,55.0,0,0,1048,1
1311,28.0,1,0,615,0
1312,34.38793507,0,0,8986,1
1313,38.0,1,0,71,0
1314,28.0,0,-1,232,1
1315,50.0,1,0,166,0
1316,31.03928566,0,0,62565,1
1317,50.91548136,1,0,70663,1
1318,26.0,1,-1,810,1
1319,30.0,0,0,298,1
1320,44.0,0,0,99,0
1321,45.0,1,0,102,0
1322,34.0,0,1,255,1
1323,35.0,1,0,176,0
1324,59.0,0,0,66,0
1325,35.41583493,1,-1,24965,1
1326,47.90692479,0,-1,16958,1
1327,37.0,1,0,1622,1
1328,29.0,1,0,45,0
1329,42.0,1,-1,181,0
1330,41.39523505,0,0,9748,1
1331,37.0,1,-1,328,1
1332,27.0,1,0,781,1
1333,29.0,0,0,403,1
1334,50.0,1,0,188,0
1335,30.0,1,0,514,0
1336,37.0,0,0,314,0
1337,57.0,0,0,1098,1
1338,44.0,1,0,347,1
1339,35.21841356,0,1,14576,1
1340,56.0,0,0,89,0
1341,44.0,0,0,2093,1
1342,39.0,0,-1,543,1
1343,31.0,1,-1,895,1
1344,36.0,1,0,114,0
1345,40.0,0,1,117,1
1346,31.0,1,0,536,1
1347,47.21573244,1,0,15456,1
1348,35.7713082,0,0,27510,1
1349,31.0,0,0,944,1
1350,31.0,0,0,174,0
1351,33.78518848,1,-1,23729,1
1352,21.43346283,0,1,22400,1
1353,29.0,1,0,139,0
1354,41.0,0,0,93,0
1355,53.0,1,0,138,0
1356,49.0,1,0,223,0
1357,53.0,1,0,85,0
1358,48.5521297,0,1,60015,1
1359,32.0,0,-1,126,1
1360,39.0,0,0,70,0
1361,58.0,1,0,156,0
1362,45.0,1,0,872,1
1363,39.0,0,0,72773,1
1364,53.0,0,0,1130,1
1365,50.0,0,0,456,1
1366,53.0,0,0,715,0
1367,35.83059316,0,0,59980,1
1368,27.08614628,0,0,61511,1
1369,45.0,1,-1,397,0
1370,31.0,1,0,68,0
1371,48.0,0,0,939,1
1372,50.0,0,0,75,0
1373,34.0,1,0,117,0
1374,77.0,0,0,134,1
1375,43.0,0,0,70,0
1376,30.51769972,1,0,22545,1
1377,44.0,0,0,523,1
1378,30.0,1,-1,199,0
1379,42.0,1,0,272,0
1380,47.59572193,1,0,9748,1
1381,30.0,1,0,282,0
1382,52.0,0,1,134,1
1383,34.73234547,1,1,11544,1
1384,59.02461996,0,0,68929,1
1385,53.0,0,0,66,0
1386,47.0,1,0,43,0
1387,44.0,1,0,1232,1
1388,32.0,1,0,286,0
1389,46.0,0,0,1199,1
1390,33.0,1,0,1063,0
1391,46.51731725,0,0,11569,1
1392,28.0,1,0,827,0
1393,49.0,1,0,229,1
1394,39.0,0,0,187,0
1395,27.0,0,0,159,1
1396,35.0,0,0,93,1
1397,37.0,1,0,185,0
1398,73.0,0,1,68,0
1399,80.0,0,-1,639,1
1400,38.0,0,0,173,1
1401,35.0,1,0,322,0
1402,36.0,0,0,170,0
1403,30.83815084,1,0,19359,1
1404,39.0,0,0,841,1
1405,52.0,1,0,61,0
1406,57.0,0,0,172,1
1407,55.98085594,1,1,60883,1
1408,55.8078864,0,0,593,1
1409,60.0,0,0,380,1
1410,43.11243577,1,0,24846,1
1411,35.0,0,0,614,1
1412,33.0,1,1,592,1
1413,37.0,0,0,58,0
1414,54.41987346,0,0,15948,1
1415,38.0,1,0,162,0
1416,70.8163607,0,0,66031,1
1417,43.0,0,0,323,1
1418,46.0,1,0,1013,1
1419,38.0,1,1,696,1
1420,36.93864143,0,0,9485,1
1421,30.0,0,0,465,1
1422,67.0,0,0,537,1
1423,72.0,0,0,384,1
1424,25.0,0,0,64,0
1425,53.0,1,0,371,1
1426,31.0,0,0,411,1
1427,33.0,1,0,247,0
1428,46.0,1,0,108,0
1429,40.0,0,-1,256,1
1430,43.0,1,0,112,0
1431,49.0,1,-1,687,1
1432,39.0,1,-1,122,0
1433,28.11466206,1,0,246,1
1434,33.0,1,0,1207,1
1435,35.0,1,0,144,0
1436,41.0,1,1,300,1
1437,75.0,0,0,505,0
1438,50.0,0,0,1130,1
1439,39.0,0,0,588,1
1440,58.0,0,0,132,1
1441,28.0,0,0,317,0
1442,35.0,1,1,110,0
1443,28.80884989,1,0,11228,1
1444,28.0,1,0,125,0
1445,37.0,0,1,562,1
1446,33.0,1,0,201,1
1447,41.0,0,0,1242,1
1448,34.0,1,-1,579,0
1449,34.0,1,0,142,0
1450,40.13831348,1,0,67296,1
1451,51.0,1,0,1309,1
1452,45.0,1,0,833,1
1453,40.0,0,0,366,0
1454,57.0,1,0,97,0
1455,60.0,1,0,127,1
1456,35.0,0,0,951,1
1457,54.0,1,0,164,0
1458,30.39959148,1,0,15664,1
1459,32.2558775,0,1,18687,1
1460,38.0,1,0,384,0
1461,22.0,1,0,106,0
1462,77.0,0,1,365,0
1463,47.04114913,0,0,24135,1
1464,40.0,0,0,452,1
1465,58.0,0,0,55,0
1466,47.0817647,1,0,7328,1
1467,50.91335098,0,0,25287,1
1468,37.58065851,0,0,67985,1
1469,45.0,0,1,243,1
1470,50.0,0,0,175,0
1471,36.0,0,0,988,1
1472,36.0,0,0,17,0
1473,44.0,0,0,552,1
1474,34.0,1,0,1057,1
1475,28.64113066,0,0,19132,1
1476,62.0,0,0,403,1
1477,38.74437651,0,0,59180,1
1478,33.0,0,0,717,0
1479,27.31858357,1,0,24282,1
1480,37.0,1,-1,371,1
1481,44.0,1,0,373,0
1482,34.0,0,1,152,1
1483,27.08504064,0,0,10102,1
1484,43.0,1,0,222,0
1485,35.0,1,0,187,1
1486,39.0,1,0,612,1
1487,39.0,1,0,210,0
1488,57.0,0,0,1040,0
1489,23.0,0,0,414,1
1490,36.0,1,0,1002,1
1491,30.0,0,1,437,1
1492,34.0,0,0,74,0
1493,22.0,0,0,517,1
1494,31.0,1,0,342,0
1495,60.0,0,0,296,1
1496,24.0,1,0,209,0
1497,38.0,1,0,1556,1
1498,50.0,1,0,170,0
1499,43.0,1,0,453,1
1500,77.0,0,1,1616,1
1501,47.0,1,0,771,0
1502,21.0,0,1,379,1
1503,21.87997135,0,0,18106,1
1504,28.0,0,0,149,1
1505,52.0,1,0,489,1
1506,45.0,1,0,110,0
1507,46.0,0,0,200,1
1508,37.77062347,1,0,3469,1
1509,59.0,0,0,225,0
1510,49.0,1,0,247,0
1511,37.0,0,0,33,0
1512,29.0,1,0,194,0
1513,24.92171366,0,1,20668,1
1514,29.0,0,0,275,0
1515,40.0,0,0,180,1
1516,62.0,0,1,896,1
1517,53.0,0,0,75,0
1518,27.0,0,0,203,1
1519,37.0,1,0,195,1
1520,29.0,0,-1,459,1
1521,28.0,1,0,157,1
1522,40.0,1,0,112,1
1523,36.0,0,0,158,1
1524,33.0,1,0,85,0
1525,43.0,0,0,524,1
1526,39.0,1,0,164,0
1527,56.0,0,0,13,0
1528,32.0,0,0,462,0
1529,30.23975348,1,0,10955,1
1530,47.0,1,0,196,0
1531,50.0,0,0,146,0
1532,47.0,0,0,560,1
1533,46.0,1,1,522,1
1534,28.0,0,1,450,1
1535,48.0,0,1,407,1
1536,37.0,1,0,21,0
1537,25.0,0,0,265,1
1538,47.0,0,0,105,1
1539,51.23126579,0,0,60884,1
1540,36.91608296,0,0,68312,1
1541,33.0,0,-1,130,1
1542,52.0,1,0,57,0
1543,49.0,1,0,392,0
1544,39.0,0,0,149,0
1545,49.63851102,1,-1,411,1
1546,30.0,0,0,121,0
1547,58.0,1,0,229,0
1548,29.0,0,0,46,0
1549,33.0,0,0,836,1
1550,44.0,1,0,297,0
1551,45.0,0,-1,800,1
1552,45.0,1,0,68,0
1553,45.0,1,0,1138,1
1554,31.0,1,0,187,0
1555,30.0,1,1,140,1
1556,31.0,0,0,215,0
1557,53.0,1,-1,42,0
1558,53.39267525,0,0,15506,1
1559,51.0,0,0,288,0
1560,39.0,1,0,611,1
1561,38.0,1,0,95,0
1562,50.0,0,-1,159,1
1563,40.0,0,0,473,1
1564,24.0,1,0,193,0
1565,68.0,0,0,233,1
1566,27.0,1,0,70,0
1567,40.0413197,1,0,29733,1
1568,51.2489678,0,0,20419,1
1569,50.0,0,0,215,1
1570,43.0,0,0,132,1
1571,53.0,0,0,178,1
1572,33.0,1,1,64103,1
1573,31.0,0,0,9,0
1574,27.0,0,1,138,1
1575,37.0,0,0,1123,1
1576,25.0,0,0,597,1
1577,33.0,1,-1,327,0
1578,24.0,0,0,567,1
1579,50.0,1,0,150,0
1580,92.0,0,0,313,1
1581,35.0,0,1,221,1
1582,50.0,1,0,205,0
1583,36.0,1,0,285,0
1584,35.0,1,0,594,1
1585,44.0,0,0,16675,1
1586,33.0,0,1,342,1
1587,32.0,1,0,185,0
1588,51.12564926,0,1,25431,1
1589,35.0,1,0,199,0
1590,38.0,1,0,265,0
1591,38.0,1,0,1484,1
1592,39.0,1,0,1975,1
1593,42.0,0,0,931,1
1594,26.88210275,1,0,68894,1
1595,33.0,1,0,60,0
1596,49.0,0,0,81,0
1597,30.0,0,0,293,0
1598,23.0,1,0,1391,1
1599,35.0,1,0,90,0
1600,55.0,0,0,234,0
1601,43.22973773,0,0,21830,1
1602,46.0,1,0,1244,1
1603,45.0,1,0,691,1
1604,43.0,1,0,2087,1
1605,34.0,0,0,257,0
1606,31.19483959,0,0,18891,1
1607,40.0,1,0,214,0
1608,42.69842387,0,0,20612,1
1609,43.0,0,0,196,0
1610,46.57466595,0,0,282,1
1611,32.0,0,0,666,1
1612,58.0,1,0,815,1
1613,26.0,0,0,110,1
1614,62.0,1,1,211,1
1615,51.0,0,0,8,0
1616,46.0,0,0,72,0
1617,57.0,1,0,1272,0
1618,50.0,0,0,160,1
1619,45.0,1,0,893,1
1620,67.0,0,1,186,1
1621,34.0,0,1,262,1
1622,43.0,1,0,756,1
1623,46.0,0,0,151,0
1624,49.0,1,-1,651,1
1625,35.0,0,1,222,1
1626,68.0,0,0,475,1
1627,57.0,0,0,116,0
1628,34.0,0,0,256,0
1629,26.0,1,-1,68,0
1630,44.23200453,0,-1,68187,1
1631,29.0,1,0,562,1
1632,39.80304399,0,0,19574,1
1633,39.0,1,1,226,1
1634,36.0,1,0,18,0
1635,34.0,1,0,128,0
1636,48.0,0,0,135,0
1637,34.0,0,0,66,0
1638,39.0,1,1,265,1
1639,30.0,0,0,133,0
1640,26.0,1,0,78,0
1641,45.0,0,0,479,1
1642,55.0,1,0,868,0
1643,27.0,1,0,29,0
1644,43.0,1,0,212,0
1645,25.0,0,0,386,1
1646,42.0,1,0,276,0
1647,80.0,0,1,290,1
1648,25.19123977,0,0,10102,1
1649,41.0,1,0,858,1
1650,25.0,0,0,323,1
1651,38.0,0,0,199,0
1652,37.91024741,0,0,266,1
1653,36.0,0,0,537,0
1654,41.06474796,1,-1,6501,1
1655,53.0,1,-1,133,0
1656,34.0,1,0,387,0
1657,51.0,1,0,558,0
1658,26.0,1,0,550,1
1659,48.0388535,0,0,62172,1
1660,40.0,0,0,66,0
1661,86.0,0,0,595,1
1662,38.51180084,1,0,27427,1
1663,36.0,0,0,461,1
1664,25.0,0,0,67897,1
1665,47.0,1,0,489,1
1666,26.09136517,0,0,10117,1
1667,60.0,0,0,36,0
1668,60.0,0,0,624,1
1669,46.0,0,0,385,1
1670,31.0,0,-1,225,0
1671,45.0,1,0,42,0
1672,35.0,0,0,436,0
1673,29.0,0,0,181,0
1674,39.0,1,0,811,1
1675,30.0,1,0,703,1
1676,36.0,0,0,339,0
1677,53.0,1,0,1980,1
1678,33.37351596,0,0,366,1
1679,27.0,0,0,290,0
1680,29.0,1,0,38,0
1681,32.4075966,1,0,58927,1
1682,57.0,0,0,295,1
1683,63.0,0,0,168,0
1684,46.53086013,0,0,17653,1
1685,30.0,0,-1,110,1
1686,24.60823822,0,0,66629,1
1687,26.0,0,0,1451,1
1688,31.0,1,0,351,0
1689,61.0,1,1,210,1
1690,37.74857618,1,0,1344,1
1691,31.0,1,0,224,0
1692,34.0,1,0,39,0
1693,38.0,0,0,387,1
1694,29.0,0,0,140,0
1695,33.0,0,0,421,1
1696,41.0,1,0,599,1
1697,73.0,0,0,148,1
1698,53.01098644,0,0,59358,1
1699,46.0,1,0,209,0
1700,52.0,0,0,28,0
1701,45.0,1,0,122,0
1702,33.0,1,-1,332,0
1703,26.0,0,0,784,1
1704,43.0,1,0,56,0
1705,39.0,1,0,216,0
1706,45.81384386,0,0,199,1
1707,36.43407997,0,0,60777,1
1708,46.0,0,0,466,0
1709,54.0,1,0,438,0
1710,57.0,0,0,284,1
1711,31.0,1,-1,332,1
1712,61.0,0,1,562,1
1713,31.0,1,0,119,0
1714,39.0,0,0,164,0
1715,32.0,1,0,158,1
1716,57.0,0,1,107,1
1717,38.0,1,0,25,0
1718,51.50062415,0,0,15948,1
1719,57.0,1,0,157,0
1720,68.8946156,0,1,13672,1
1721,27.0,0,0,87,0
1722,37.0,1,-1,1210,1
1723,46.0,1,-1,1026,0
1724,34.0,1,-1,161,1
1725,55.0,0,0,144,0
1726,33.54673595,0,0,26848,1
1727,25.0,1,0,819,1
1728,51.0,0,0,663,1
1729,54.0,0,0,202,0
1730,38.0,0,-1,139,1
1731,37.0,1,-1,623,0
1732,34.0,1,0,620,1
1733,44.0,0,0,194,0
1734,40.0,0,0,111,0
1735,44.0,0,0,92,0
1736,34.0,1,0,154,1
1737,39.0,0,0,281,1
1738,49.0,0,0,37,0
1739,32.0,0,0,550,1
1740,53.59128787,1,0,12754,1
1741,50.0,1,0,711,1
1742,39.0,0,0,488,1
1743,52.0,0,0,22,0
1744,43.0,1,-1,146,0
1745,37.46435288,0,0,15697,1
1746,27.0,1,-1,177,0
1747,23.0,0,0,496,1
1748,39.0,1,0,318,0
1749,53.0,0,0,2372,1
1750,49.0,1,0,92,0
1751,40.0,0,0,310,0
1752,54.0,0,0,151,0
1753,31.0,1,0,548,1
1754,31.0,0,0,261,0
1755,39.0,0,0,204,0
1756,45.0,1,0,384,0
1757,28.0,0,-1,193,1
1758,33.0,0,1,489,1
1759,45.0,1,0,804,1
1760,39.0,1,0,143,0
1761,73.0,0,0,399,1
1762,41.0,0,0,372,1
1763,46.0,1,1,326,0
1764,56.53374357,0,0,60274,1
1765,53.0,0,0,558,1
1766,31.18201315,0,0,16592,1
1767,35.76125616,1,1,22048,1
1768,58.0,1,-1,361,0
1769,36.0,1,1,234,1
1770,35.0,1,0,510,0
1771,60.0,0,0,255,0
1772,61.0,0,1,192,1
1773,58.0,1,0,65,0
1774,58.0,1,0,1090,1
1775,54.0,1,0,642,1
1776,31.0,1,-1,317,0
1777,28.6921981,1,0,267,1
1778,39.0,1,0,1623,1
1779,19.0,0,0,327,1
1780,39.0,1,0,201,0
1781,45.87370037,0,1,19948,1
1782,40.0,0,0,174,0
1783,37.0,1,1,239,1
1784,50.0,1,0,162,0
1785,42.03896926,0,1,20943,1
1786,37.70165678,1,0,62308,1
1787,40.0,0,0,1142,1
1788,27.0,0,0,212,1
1789,46.0,1,0,1263,1
1790,31.0,0,1,372,1
1791,38.0,1,0,101,0
1792,58.0,0,0,91,0
1793,42.56327995,1,0,56307,1
1794,58.0,1,0,342,1
1795,31.03385111,1,0,343,1
1796,34.0,1,0,636,1
1797,33.0,1,0,423,0
1798,41.0,1,0,153,0
1799,38.0,1,1,1130,1
1800,38.01291039,1,-1,18144,1
1801,46.0,1,1,246,1
1802,39.5819083,1,0,25698,1
1803,54.0,0,0,177,1
1804,60.0,0,0,441,1
1805,64.0,0,1,181,1
1806,32.0,0,0,89,1
1807,59.0,0,1,301,1
1808,53.4124485,0,0,16694,1
1809,45.0,0,0,568,1
1810,52.0,0,0,181,0
1811,31.0,0,0,1000,1
1812,53.0,0,0,520,0
1813,42.0,1,0,149,0
1814,46.0,0,0,1148,1
1815,29.0,0,-1,968,1
1816,29.0,0,0,195,1
1817,53.0,1,0,387,1
1818,31.0,0,0,115,0
1819,27.0,1,0,803,0
1820,41.0,1,0,252,0
1821,49.0,1,0,42,0
1822,33.0,1,-1,669,1
1823,21.02401288,0,0,213,1
1824,49.0,1,0,722,1
1825,56.0,1,0,313,0
1826,34.0,1,0,590,1
1827,51.0,0,0,564,0
1828,41.0,0,0,229,0
1829,51.23386815,1,-1,411,1
1830,35.0,0,0,64,0
1831,31.0,0,1,203,1
1832,30.08113262,0,0,15931,1
1833,51.0,1,0,78,0
1834,61.0,0,1,392,1
1835,60.0,0,0,318,1
1836,54.0,0,0,225,0
1837,37.0,1,0,317,1
1838,52.0,0,0,170,0
1839,39.0,1,0,633,0
1840,60.0,0,-1,294,1
1841,23.76817942,0,0,18106,1
1842,39.0,1,0,322,0
1843,21.0,0,1,382,1
1844,49.0,0,0,139,0
1845,32.0,0,0,132,0
1846,56.0,0,1,293,1
1847,28.02708826,1,-1,20391,1
1848,37.0,0,0,150,1
1849,34.41660056,1,0,18445,1
1850,31.0,1,-1,72,0
1851,26.0,0,0,604,0
1852,53.60934222,0,0,21957,1
1853,41.0,0,0,169,0
1854,40.0,0,1,733,1
1855,47.0,0,0,499,1
1856,26.0,0,0,280,1
1857,25.0,0,0,276,1
1858,39.0,0,0,418,0
1859,36.0,0,0,92,0
1860,44.0,1,1,137,1
1861,39.0,1,0,744,1
1862,28.0,0,0,976,1
1863,43.54448779,1,-1,4417,1
1864,27.0,0,0,535,0
1865,46.10697171,1,0,61982,1
1866,34.27784455,0,1,13042,1
1867,29.89979295,1,0,18421,1
1868,51.18699044,0,0,18415,1
1869,32.0,0,0,104,0
1870,36.0,1,0,3253,1
1871,27.0,1,0,124,0
1872,57.0,0,0,73,0
1873,58.0,1,0,201,0
1874,22.0,0,0,115,1
1875,31.91086366,1,0,771,1
1876,43.0,1,-1,11,0
1877,36.0,0,0,149,1
1878,28.0,0,0,423,1
1879,35.0,1,0,736,1
1880,31.0,1,0,529,1
1881,34.0,0,0,90,0
1882,43.0,1,0,635,1
1883,54.0,1,-1,693,1
1884,26.0,0,0,402,0
1885,34.0,0,-1,868,1
1886,31.0,1,0,14,0
1887,36.0,0,1,91,1
1888,48.0,0,1,504,1
1889,40.5221027,0,0,10165,1
1890,51.87724525,1,0,4961,1
1891,27.64546576,0,1,20667,1
1892,39.0,0,1,194,1
1893,38.65063436,1,0,19283,1
1894,44.0,0,0,188,1
1895,52.0,0,0,96,0
1896,64.0,0,0,120,0
1897,64.0,0,1,367,1
1898,30.0,1,0,5,0
1899,59.0,0,0,935,1
1900,27.53867575,1,0,72555,1
1901,30.0,1,0,85,0
1902,29.0,1,0,396,1
1903,33.0,0,0,332,0
1904,31.0,1,0,664,1
1905,40.0,1,0,735,0
1906,37.88483982,1,0,70727,1
1907,51.41119719,1,0,70727,1
1908,33.0,1,-1,105,0
1909,61.02859878,0,0,21395,1
1910,56.0,0,0,243,1
1911,39.0,1,0,26,0
1912,35.0,0,0,111,0
1913,26.0,1,0,133,0
1914,48.3357239,0,0,194,1
1915,59.0,1,0,1272,1
1916,23.0,0,-1,742,1
1917,59.0,1,0,1063,1
1918,34.0,0,0,253,1
1919,71.0,0,0,456,1
1920,44.0,1,0,67,0
1921,31.0,0,0,669,1
1922,30.0,1,0,372,0
1923,24.0,1,0,912,1
1924,46.0,0,0,305,1
1925,53.0,1,-1,45,0
1926,49.0,0,0,194,1
1927,56.43247651,1,0,20792,1
1928,36.0,1,0,70,0
1929,26.0,1,0,382,1
1930,36.0,0,-1,313,1
1931,22.0,0,0,368,1
1932,60.0,0,1,840,1
1933,44.0,1,0,701,1
1934,44.0,1,-1,96,0
1935,31.0,0,0,172,1
1936,35.0,0,0,338,0
1937,39.0,0,0,162,0
1938,34.0,1,0,95,0
1939,27.0,0,0,650,1
1940,80.0,0,1,250,1
1941,38.95664735,0,0,76247,1
1942,34.0,0,0,641,1
1943,48.0,1,-1,146,0
1944,39.0,1,0,228,0
1945,36.0,1,0,1792,1
1946,57.0,1,0,231,0
1947,77.90000897,0,0,20419,1
1948,47.0,0,0,51,0
1949,25.0,0,0,206,0
1950,45.45502126,0,0,17432,1
1951,59.0,1,0,87,0
1952,58.0,0,0,277,0
1953,36.0,0,0,135,0
1954,61.08491401,0,1,562,1
1955,35.79602121,1,-1,68666,1
1956,36.0,1,0,398,1
1957,47.0,1,0,142,0
1958,40.0,0,0,215,1
1959,46.0,0,0,420,1
1960,49.0,0,-1,293,1
1961,29.0,0,0,47,0
1962,46.0,0,0,483,0
1963,34.56589779,0,0,25602,1
1964,43.0,1,0,291,0
1965,32.0,1,-1,500,1
1966,56.0,0,0,617,1
1967,50.0,0,0,142,0
1968,33.80573904,0,0,9571,1
1969,27.0,1,0,340,0
1970,33.0,1,0,245,0
1971,33.0,0,1,134,0
1972,51.0,1,0,2015,1
1973,23.0,1,0,66,0
1974,35.47274049,1,0,67296,1
1975,35.0,1,0,102,1
1976,22.0,1,0,179,0
1977,31.0,1,0,987,0
1978,78.0,0,0,135,1
1979,57.0,1,-1,730,1
1980,32.0,1,0,18239,1
1981,60.0,1,-1,65,0
1982,57.0,1,0,626,1
1983,58.0,0,0,364,0
1984,46.74023692,0,0,14274,1
1985,39.0,1,0,97,0
1986,34.0,0,0,406,0
1987,29.0,1,0,1279,1
1988,48.0,1,0,97,0
1989,43.0,0,-1,275,1
1990,20.0,0,0,284,1
1991,57.0,0,0,306,0
1992,37.0,1,0,42,0
1993,33.0,0,0,367,1
1994,40.0,0,0,635,1
1995,38.0,1,-1,784,1
1996,29.0,1,0,161,0
1997,59.0,1,0,132,0
1998,54.0,0,0,200,0
1999,39.0,1,0,650,1
2000,30.0,1,0,236,0
2001,40.33781427,0,0,16085,1
2002,27.0,1,0,128,0
2003,72.0,0,0,444,1
2004,42.0,1,0,75,0
2005,34.0,0,0,91,0
2006,49.0,1,0,173,0
2007,28.0,0,0,338,1
2008,34.72827956,0,-1,21550,1
2009,64.0,0,0,117,0
2010,57.0,0,0,369,1
2011,39.0,0,0,658,1
2012,55.0,1,0,292,0
2013,38.0,1,0,830,1
2014,33.0,1,0,982,0
2015,35.0,0,0,720,1
2016,50.90251105,1,0,160,1
2017,36.97479461,0,0,149,1
2018,33.0,0,0,181,0
2019,42.0,1,0,17,0
2020,35.0,1,0,161,0
2021,37.96581255,0,0,12704,1
2022,40.0,1,0,179,0
2023,36.30408524,0,0,19207,1
2024,36.42446611,0,1,13063,1
2025,37.0,0,0,187,0
2026,38.40767213,1,0,11136,1
2027,36.0,1,0,124,0
2028,42.0,1,0,432,0
2029,36.39783829,1,0,20610,1
2030,38.0,1,0,20,0
2031,45.0,1,0,433,0
2032,58.0,0,0,332,1
2033,31.0,0,0,461,1
2034,47.0,1,-1,91,0
2035,51.0,0,0,1471,1
2036,40.8184743,0,0,18755,1
2037,27.0,0,-1,192,1
2038,33.0,0,-1,107,0
2039,50.0,0,0,180,1
2040,52.0,1,0,500,1
2041,29.0,1,0,1179,0
2042,38.0,0,0,94,0
2043,43.0,1,0,736,1
2044,58.0,0,1,1628,1
2045,37.0,0,0,185,0
2046,38.0,1,-1,86,0
2047,43.0,1,1,1030,1
2048,32.0,1,-1,442,1
2049,62.0,0,1,288,1
2050,58.0,1,0,5,0
2051,43.65016353,1,0,24389,1
2052,38.0,1,0,237,0
2053,59.0,1,-1,57,0
2054,32.0,1,0,233,0
2055,33.0,0,0,123,0
2056,54.0,0,0,439,1
2057,42.00345868,0,0,3859,1
2058,35.0,1,0,155,0
2059,55.0,0,1,265,1
2060,35.0,0,0,704,1
2061,57.0,0,0,867,1
2062,46.0,0,0,64,0
2063,64.0,1,0,526,1
2064,44.0,1,0,133,0
2065,43.08727551,1,0,16512,1
2066,27.0,1,0,163,0
2067,28.0,1,0,24,0
2068,27.0,0,1,196,1
2069,30.0,0,0,71,0
2070,39.0,1,0,510,1
2071,31.0,0,0,739,1
2072,53.7887609,0,0,24155,1
2073,31.0635319,0,0,11481,1
2074,26.0,0,1,166,1
2075,29.71848512,0,0,14263,1
2076,33.15466393,0,0,24301,1
2077,31.0,1,0,530,1
2078,31.66182114,0,1,13544,1
2079,44.0,1,0,13,0
2080,29.0,0,0,143,0
2081,44.44240357,1,0,645,1
2082,56.0,1,-1,311,1
2083,45.0,0,0,55,0
2084,52.0,0,0,163,0
2085,46.0,1,-1,50,0
2086,49.12717937,1,0,1658,1
2087,28.0,1,0,918,0
2088,59.33454039,0,0,14362,1
2089,48.0,0,1,382,1
2090,30.0,0,-1,250,1
2091,33.11274432,1,-1,59678,1
2092,32.0,1,0,130,0
2093,46.0,0,0,716,1
2094,28.0,1,0,638,1
2095,35.0,1,0,632,1
2096,59.0,0,1,377,1
2097,48.05170397,0,0,21725,1
2098,56.0,0,1,507,1
2099,56.0,0,-1,116,0
2100,31.0,1,0,9,0
2101,27.0,0,0,187,1
2102,56.0,0,1,320,1
2103,41.0,1,0,205,0
2104,44.0,1,0,788,1
2105,55.51780819,0,1,93,1
2106,46.0,1,0,105,0
2107,42.0,1,0,22,0
2108,34.0,1,0,12,0
2109,31.0,1,-1,148,0
2110,32.0,0,0,255,0
2111,56.0,0,0,144,1
2112,41.0,1,0,642,0
2113,39.0,0,0,208,1
2114,37.83094402,1,1,10484,1
2115,36.0,1,0,314,0
2116,32.0,1,0,132,0
2117,60.0,0,0,323,1
2118,31.0,1,-1,99,0
2119,41.0,1,0,240,0
2120,51.0,0,0,896,0
2121,46.0,0,1,174,1
2122,38.64137658,1,0,10117,1
2123,24.0,0,-1,263,1
2124,63.0,0,0,417,1
2125,38.0,0,-1,340,0
2126,45.0,0,0,154,0
2127,47.0,1,0,20,0
2128,43.49973711,1,0,20792,1
2129,33.0,1,0,134,0
2130,37.87753908,1,0,545,1
2131,50.0,0,-1,346,0
2132,27.0,1,0,466,0
2133,38.0,0,0,340,0
2134,37.0,1,0,142,0
2135,43.0,1,0,163,0
2136,50.0,1,0,526,1
2137,41.0,1,0,244,0
2138,29.0,1,0,1311,1
2139,37.0,1,0,90,0
2140,44.0,0,0,363,0
2141,25.0,0,0,271,1
2142,55.0,0,1,616,1
2143,45.0,0,0,12,0
2144,37.5421781,0,0,254,1
2145,33.0,1,0,477,1
2146,48.0,0,0,585,0
2147,58.0,1,-1,369,1
2148,50.0,0,0,169,1
2149,31.0,0,0,483,0
2150,39.62851076,1,0,60866,1
2151,27.14847705,0,0,16126,1
2152,60.0,0,0,247,0
2153,46.0,0,0,381,0
2154,33.0,1,-1,72,0
2155,30.0,0,0,1035,1
2156,25.0,1,-1,51,0
2157,30.0,0,0,128,0
2158,40.0,1,1,392,1
2159,44.0,1,0,346,0
2160,60.0,1,0,483,0
2161,32.0,0,0,278,1
2162,47.76531368,0,0,79125,1
2163,52.88837284,0,0,9385,1
2164,34.0,1,-1,43,0
2165,47.82751686,0,1,5111,1
2166,18.0,0,0,267,1
2167,41.0,0,0,391,0
2168,55.0,1,0,164,0
2169,52.0,0,1,390,1
2170,37.0,1,0,543,1
2171,42.0,1,0,519,1
2172,59.19886325,0,1,93,1
2173,37.0,1,0,802,1
2174,63.0,0,-1,2184,1
2175,41.0,1,0,154,0
2176,28.576803,1,0,70176,1
2177,22.0,0,1,260,1
2178,25.91185424,0,0,22410,1
2179,35.0,0,-1,74,0
2180,40.46893316,1,0,66031,1
2181,38.0,1,0,288,1
2182,28.0,1,1,199,1
2183,41.73512005,1,0,67720,1
2184,25.0,0,0,68,0
2185,48.0,0,0,108,0
2186,49.0,0,0,135,0
2187,34.31679675,1,1,18164,1
2188,36.36682076,1,0,1353,1
2189,39.93347302,1,0,63185,1
2190,60.0,1,0,362,0
2191,40.0,1,0,189,0
2192,29.0,1,-1,202,0
2193,48.0,0,0,127,0
2194,40.0,1,-1,97,0
2195,47.0,1,0,659,1
2196,43.0,0,0,121,0
2197,42.0,1,0,101,0
2198,51.0,0,-1,181,1
2199,53.31564329,0,0,13021,1
2200,37.0,1,-1,459,1
2201,55.0,1,0,116,1
2202,42.0,0,0,48,0
2203,57.0,0,0,93,0
2204,44.0,1,0,129,0
2205,54.07250765,0,0,72415,1
2206,31.0,0,1,297,1
2207,57.0,0,0,707,1
2208,41.0,1,0,182,0
2209,55.40656703,1,0,11544,1
2210,29.0,0,-1,437,0
2211,40.0,0,0,596,1
2212,49.0,1,0,41,0
2213,52.0,0,0,227,0
2214,31.0,0,0,124,0
2215,28.0,0,0,1183,1
2216,43.0,0,-1,745,1
2217,26.0,1,0,984,1
2218,26.0,0,0,744,1
2219,35.0,1,1,765,1
2220,29.0,1,0,754,1
2221,22.0,0,0,283,1
2222,57.0,0,0,186,0
2223,37.0,1,0,221,0
2224,31.0,0,0,116,0
2225,35.0,1,0,908,1
2226,44.0,0,0,520,1
2227,55.0,1,0,312,0
2228,42.0,0,0,492,0
2229,53.0,1,0,77,0
2230,68.0,0,1,2062,1
2231,51.0,0,0,835,1
2232,49.0,0,0,138,0
2233,37.0,0,-1,147,0
2234,30.0,0,0,30,0
2235,28.7104504,1,0,24731,1
2236,27.18626921,0,0,14699,1
2237,23.0,1,0,104,0
2238,50.0,1,0,395,1
2239,31.7887088,1,0,23683,1
2240,42.07207399,0,0,64712,1
2241,75.0,0,0,416,0
2242,29.0,0,1,190,1
2243,31.0,0,0,107,1
2244,63.0,0,0,423,1
2245,38.0,1,0,259,0
2246,41.0,1,0,199,0
2247,46.0,1,0,646,1
2248,37.0,0,0,222,0
2249,54.0,0,0,170,1
2250,52.0,1,0,217,0
2251,36.0,0,0,285,1
2252,51.54965631,0,0,66284,1
2253,61.0,0,1,394,1
2254,43.0,0,0,782,1
2255,29.0,1,0,563,1
2256,39.0,1,0,1032,1
2257,38.0,1,0,623,1
2258,43.15998405,1,0,268,1
2259,30.68011554,0,0,22259,1
2260,76.0,0,0,170,1
2261,30.0,1,0,470,1
2262,32.0,1,0,532,1
2263,30.0,1,0,81887,1
2264,59.0,0,0,252,1
2265,48.0,1,0,528,0
2266,23.0,1,0,374,0
2267,38.0,0,0,1087,1
2268,28.0,1,1,150,0
2269,29.0,0,0,587,1
2270,48.0,1,0,185,0
2271,39.0,1,0,406,0
2272,46.0,1,0,144,1
2273,43.0,0,0,379,1
2274,29.83963367,1,0,61400,1
2275,55.0,0,0,215,0
2276,56.0,0,0,1558,1
2277,59.0,0,0,292,0
2278,55.0,1,0,1023,0
2279,52.0,0,0,1032,1
2280,51.0,0,0,184,0
2281,60.0,0,0,1346,1
2282,26.0,0,0,346,1
2283,39.0,1,0,160,0
2284,46.0,1,0,37,0
2285,46.0,0,0,225,1
2286,34.0,1,-1,285,0
2287,52.74214502,0,0,24764,1
2288,35.0,1,0,260,0
2289,33.0,1,-1,383,1
2290,31.0,1,0,394,1
2291,31.0,1,0,474,1
2292,31.0,1,0,81,0
2293,42.0,1,1,968,1
2294,36.0,1,0,920,1
2295,56.0,0,0,126,0
2296,58.0,0,-1,162,0
2297,52.0,1,0,121,0
2298,31.0,0,0,138,0
2299,60.0,0,1,187,1
2300,33.0,1,0,87,0
2301,29.0,0,0,60,0
2302,55.0,0,0,241,1
2303,48.0,1,1,600,1
2304,59.0,0,0,467,1
2305,56.0,0,0,159,0
2306,37.0,0,0,500,0
2307,26.0,1,0,85,0
2308,32.0,1,0,61,0
2309,44.2983197,1,0,23546,1
2310,36.0,0,0,302,1
2311,50.0,0,0,35,0
2312,37.0,1,0,224,0
2313,49.0,0,0,151,0
2314,34.0,0,0,637,1
2315,66.0,0,1,232,1
2316,58.54977557,0,0,722,1
2317,40.0,1,0,262,0
2318,42.26502973,1,0,372,1
2319,29.0,1,0,76,0
2320,48.50614057,0,0,11136,1
2321,35.63875874,1,1,437,1
2322,41.0,1,0,1052,1
2323,45.0,1,0,180,0
2324,25.57993741,0,1,11293,1
2325,52.0,0,-1,398,1
2326,46.0,1,0,282,1
2327,48.0,1,0,204,0
2328,57.59911521,0,0,267,1
2329,35.0,1,1,311,0
2330,36.0,1,-1,775,1
2331,26.0,1,0,401,0
2332,36.0,1,0,386,0
2333,44.35723985,1,-1,24580,1
2334,33.0,1,0,278,1
2335,53.6717943,0,0,10477,1
2336,43.0,0,1,150,1
2337,41.0,1,0,27,0
2338,55.0,0,0,79,0
2339,28.0,1,0,78,0
2340,60.97321459,1,1,60883,1
2341,41.0,1,0,123,0
2342,32.0,0,1,251,1
2343,29.0,1,-1,499,0
2344,42.0,1,-1,116,0
2345,35.0,0,0,335,0
2346,54.90943148,0,0,18380,1
2347,52.0,0,-1,1121,0
2348,58.0,1,0,160,1
2349,47.90356917,1,0,11136,1
2350,40.0,0,0,1842,1
2351,35.0,0,0,205,0
2352,41.0,0,0,147,0
2353,36.0,1,0,198,0
2354,36.21313856,0,0,10761,1
2355,48.0,0,0,215,0
2356,40.0,1,0,506,1
2357,36.0,0,0,149,1
2358,36.0,1,0,215,0
2359,36.0,1,0,168,0
2360,37.0,1,0,151,0
2361,31.0,0,0,581,1
2362,72.07275127,0,0,18817,1
2363,32.0,1,0,815,1
2364,26.0,1,0,282,0
2365,27.0,0,0,131,1
2366,37.16350319,0,0,81887,1
2367,56.0,1,0,236,0
2368,49.0,1,0,163,0
2369,25.0,1,1,187,1
2370,49.06426879,0,0,9066,1
2371,33.0,1,-1,612,0
2372,57.0,0,0,193,0
2373,71.0,0,0,185,1
2374,40.76846025,1,0,20401,1
2375,46.29838787,0,0,13105,1
2376,36.0,1,0,141,0
2377,43.0,1,0,1062,1
2378,37.0,0,0,223,0
2379,53.0,0,0,101,0
2380,34.0,0,-1,136,0
2381,58.0,0,0,503,0
2382,35.0,1,0,799,1
2383,53.78160956,0,0,67528,1
2384,55.0,0,0,19,0
2385,36.0,0,0,282,1
2386,37.0,0,0,376,1
2387,35.37751271,0,0,20430,1
2388,33.0,1,0,411,0
2389,39.82610888,0,0,288,1
2390,33.0,0,0,67,0
2391,38.0,1,-1,86,0
2392,34.98836491,0,0,13577,1
2393,34.25929825,0,0,1341,1
2394,41.0,0,0,22,0
2395,29.0,1,0,1689,1
2396,35.0,0,0,210,1
2397,34.0,0,0,758,1
2398,50.0,0,-1,455,1
2399,25.0,0,0,574,1
2400,51.0,0,0,234,0
2401,58.0,0,0,558,0
2402,34.0,0,0,15664,1
2403,44.0,0,0,159,0
2404,37.0,1,-1,655,1
2405,53.0,1,0,851,0
2406,31.0,0,0,137,0
2407,45.35430807,1,0,463,1
2408,31.0,1,0,339,0
2409,38.0,0,1,103,1
2410,45.0,1,0,528,1
2411,31.0,0,0,1576,1
2412,47.0,0,0,103,0
2413,34.24154569,1,0,12410,1
2414,32.0,1,0,601,0
2415,38.0,1,0,1531,1
2416,29.0,1,0,510,0
2417,51.0,0,0,968,1
2418,42.0,1,1,273,1
2419,26.51870561,0,1,18687,1
2420,44.0,1,0,140,0
2421,39.0,0,0,567,1
2422,35.0,0,0,143,0
2423,30.0,1,0,758,1
2424,27.0,0,-1,240,1
2425,44.30197809,1,0,11238,1
2426,24.0,1,0,7,0
2427,36.0,1,0,649,1
2428,40.0,0,0,123,0
2429,68.0,0,1,651,1
2430,32.0,0,0,204,0
2431,42.0,0,-1,705,1
2432,45.0,0,1,552,1
2433,39.0,1,0,788,0
2434,36.0,1,0,72,0
2435,32.0,0,0,206,0
2436,36.0,1,0,5,0
2437,60.0,1,0,77,0
2438,52.0,0,-1,209,1
2439,32.0,1,0,129,0
2440,32.0,0,0,520,0
2441,28.0,1,0,149,0
2442,26.90060894,1,0,69494,1
2443,55.0,0,0,1417,1
2444,39.0,0,0,214,1
2445,36.0,0,1,242,1
2446,35.0,1,0,1174,1
2447,31.04246529,0,0,449,1
2448,49.0,1,-1,76,0
2449,38.0,0,0,1323,1
2450,34.0,1,-1,456,0
2451,50.0,0,0,49,0
2452,31.05050408,0,0,69845,1
2453,31.0,0,0,736,1
2454,49.0,0,0,191,0
2455,49.0,1,0,97,1
2456,29.0,0,0,70,0
2457,53.0,0,0,781,1
2458,27.0,1,0,1119,1
2459,33.0,1,-1,181,0
2460,24.0,1,0,546,1
2461,78.0,0,0,300,1
2462,33.0,1,-1,162,0
2463,43.0,1,0,16,0
2464,29.0,1,0,9,0
2465,26.0,1,0,1276,1
2466,30.76310877,1,0,12896,1
2467,31.0,1,0,65,0
2468,45.0,1,0,110,0
2469,33.80533675,1,0,65649,1
2470,31.0,0,0,225,0
2471,36.87999132,1,0,60866,1
2472,33.0,0,1,627,1
2473,46.0,0,0,115,1
2474,51.0,0,0,471,0
2475,47.0,0,0,133,0
2476,26.0,0,0,479,1
2477,39.71021432,0,0,449,1
2478,56.0,0,-1,511,1
2479,51.0,1,-1,370,0
2480,48.0,1,0,345,0
2481,38.0,1,0,156,0
2482,43.0,0,-1,380,1
2483,29.0,1,0,538,0
2484,56.939232,1,1,20621,1
2485,32.0,1,0,106,0
2486,36.3138178,0,0,4972,1
2487,34.26879089,1,0,68894,1
2488,41.0,1,0,1508,1
2489,33.39424163,1,0,8219,1
2490,37.0,1,0,302,0
2491,20.0,0,1,175,1
2492,35.0,1,0,52,0
2493,31.0,0,0,117,0
2494,27.0,1,0,255,0
2495,44.0,0,0,296,1
2496,40.05926964,0,1,1176,1
2497,37.0,0,0,514,1
2498,37.0,1,0,690,1
2499,29.0,0,0,889,1
2500,57.0,0,0,166,1
2501,36.0,0,0,256,0
2502,36.0,0,0,56,0
2503,31.0,1,-1,745,1
2504,33.0,1,-1,237,0
2505,40.89566897,0,0,11499,1
2506,47.0,0,0,1086,1
2507,31.0,1,0,192,0
2508,30.0,0,0,350,0
2509,49.1419344,1,0,18817,1
2510,30.0,1,0,153,0
2511,48.0,0,0,6,0
2512,52.4945582,0,0,23812,1
2513,38.0,1,0,626,1
2514,34.75070086,1,0,1558,1
2515,52.0,0,0,109,0
2516,40.99323052,0,1,21679,1
2517,32.0,1,0,145,0
2518,25.0,1,-1,223,1
2519,47.0,1,0,152,0
2520,38.0,1,0,177,0
2521,37.0,0,0,54,0
2522,34.55881746,1,0,23934,1
2523,26.04574677,0,0,58113,1
2524,42.0,0,0,48,0
2525,47.02297128,0,0,66785,1
2526,55.0,0,-1,241,0
2527,47.0,1,0,193,0
2528,40.0,1,1,306,1
2529,25.0,0,-1,222,0
2530,37.0,1,0,370,1
2531,29.0,1,0,1663,1
2532,32.0,1,0,70,0
2533,36.0,1,0,244,0
2534,28.0,1,0,1112,1
2535,41.0,0,0,474,0
2536,28.0,1,0,141,0
2537,31.0,1,0,88,0
2538,86.0,0,0,189,1
2539,45.55319849,1,0,13517,1
2540,43.0,0,0,33,0
2541,59.0,0,0,48,0
2542,47.0,0,0,220,1
2543,45.0,0,0,878,1
2544,58.0,0,0,9,0
2545,53.0,1,0,66,0
2546,52.97217955,0,0,387,1
2547,48.0,0,0,215,0
2548,38.0,1,0,766,1
2549,53.0,1,0,171,0
2550,50.0,0,0,157,0
2551,33.0,0,0,146,1
2552,35.0,0,0,379,0
2553,42.0,1,0,667,1
2554,61.91057065,1,0,61982,1
2555,26.0,1,0,180,0
2556,35.95570825,0,1,21426,1
2557,29.7812532,1,0,25874,1
2558,29.0,0,1,208,1
2559,38.0,1,0,281,0
2560,34.0,1,0,160,0
2561,36.0,0,0,55,0
2562,32.0,1,0,560,1
2563,52.0,0,-1,165,0
2564,21.0,0,0,340,1
2565,55.49996306,1,0,22186,1
2566,53.0,1,-1,66,0
2567,37.0,1,0,108,0
2568,35.0,1,0,1649,1
2569,44.0,0,0,630,1
2570,60.0,0,1,246,1
2571,56.0,1,0,251,0
2572,35.63860552,0,0,23192,1
2573,33.0,0,0,563,1
2574,49.0,1,0,423,0
2575,37.0,0,0,144,0
2576,33.0,1,0,81,0
2577,40.0,1,0,25436,1
2578,31.0,1,0,222,0
2579,44.0,1,-1,127,0
2580,53.0,1,-1,796,1
2581,27.0,0,-1,232,1
2582,51.0,0,0,417,1
2583,31.0,1,-1,135,1
2584,35.12527982,1,0,977,1
2585,36.0,0,-1,185,1
2586,29.0,1,0,259,1
2587,47.0,0,0,349,1
2588,48.0,1,-1,489,1
2589,46.0,0,0,71,0
2590,34.0,0,0,339,1
2591,41.31541042,0,0,9748,1
2592,48.16395157,0,0,21464,1
2593,42.73008901,0,0,21037,1
2594,61.0,0,1,270,1
2595,75.0,0,0,240,1
2596,46.0,1,0,725,1
2597,42.18546318,0,0,13374,1
2598,46.0,1,1,422,0
2599,47.0,0,0,489,0
2600,32.0,0,0,91,0
2601,45.45985891,0,0,28640,1
2602,37.0,1,0,41,0
2603,37.84313323,0,1,970,1
2604,26.0,0,0,890,1
2605,47.0,1,0,20,0
2606,46.0,0,-1,151,0
2607,36.0,0,0,621,1
2608,30.0,1,0,5,0
2609,42.0,1,-1,224,0
2610,53.0,0,0,1318,1
2611,46.0,0,0,121,1
2612,35.0,1,0,452,0
2613,28.0,1,0,135,0
2614,38.0,1,1,255,1
2615,38.0,1,0,984,1
2616,29.7636554,1,0,576,1
2617,28.0,1,0,126,0
2618,47.0,1,0,195,0
2619,49.0,0,0,626,0
2620,37.0,1,0,231,0
2621,46.0,0,0,72,0
2622,50.0,0,0,652,1
2623,29.0,1,0,606,1
2624,31.0,1,0,462,0
2625,44.0,0,0,96,0
2626,34.0,1,0,62,0
2627,40.0,1,-1,200,0
2628,27.0,0,0,397,1
2629,36.29770184,0,0,16592,1
2630,30.0,1,0,229,0
2631,56.0,0,0,264,1
2632,22.0,0,0,137,1
2633,35.0,1,0,281,0
2634,32.0,0,1,319,1
2635,32.0,0,0,255,1
2636,31.0,0,1,294,1
2637,32.64776407,1,0,7616,1
2638,55.0,0,0,14,0
2639,77.0,0,-1,147,0
2640,54.0,1,0,283,0
2641,40.67067884,1,-1,16835,1
2642,47.88293036,0,0,29465,1
2643,25.0,0,0,221,1
2644,50.65274528,1,0,16591,1
2645,72.0,0,-1,179,0
2646,33.88081292,0,0,1148,1
2647,40.0,1,-1,184,0
2648,30.0,0,0,656,1
2649,52.0,1,0,930,1
2650,55.0,1,0,94,0
2651,45.0,1,0,46,0
2652,42.0,0,1,1176,1
2653,43.0,0,0,644,0
2654,31.0,0,0,614,1
2655,41.0,1,-1,352,1
2656,31.0,0,0,72,0
2657,58.0,1,1,221,1
2658,41.0,0,-1,206,0
2659,58.0,0,0,53,0
2660,54.0,0,0,338,0
2661,28.0,0,1,350,1
2662,29.0,1,0,141,0
2663,41.0,0,0,105,0
2664,44.94933598,0,0,13435,1
2665,47.0,0,1,7374,1
2666,53.92943769,1,0,6041,1
2667,28.0,1,0,399,0
2668,32.0,1,-1,91,0
2669,51.0,1,0,69,0
2670,28.0,0,0,532,1
2671,70.0,0,1,372,1
2672,31.0,0,0,169,0
2673,47.09534434,0,0,22210,1
2674,40.89487194,0,0,16440,1
2675,34.0,0,-1,332,0
2676,53.0,0,0,58,0
2677,30.0,1,0,1574,1
2678,50.79546337,0,0,15412,1
2679,49.0,1,0,138,0
2680,58.0,0,0,460,0
2681,55.0,1,0,118,0
2682,44.0,1,0,157,0
2683,32.0,0,-1,598,1
2684,38.0,1,0,69,0
2685,63.0,0,0,490,0
2686,47.54828586,0,0,21321,1
2687,41.0,0,0,229,1
2688,48.0,1,0,629,1
2689,38.0,1,0,568,1
2690,37.0,0,1,150,1
2691,38.79837204,0,0,11607,1
2692,32.53241157,0,0,22410,1
2693,33.0,0,0,501,1
2694,32.4830051,0,0,349,1
2695,28.0,1,-1,47,0
2696,58.0,0,0,161,0
2697,43.0,1,1,126,1
2698,48.0,0,0,1249,1
2699,27.18716715,0,0,13720,1
2700,19.0,0,0,463,0
2701,49.55790769,0,0,14387,1
2702,32.0,1,0,101,1
2703,54.0,0,0,1027,0
2704,30.0,1,0,75,0
2705,44.40726484,0,0,59726,1
2706,29.55104364,0,0,22670,1
2707,25.0,0,0,176,1
2708,31.0,0,0,38,0
2709,36.0,0,0,220,1
2710,54.0,0,0,464,1
2711,31.42303976,0,0,16962,1
2712,29.0,1,0,164,0
2713,51.17285571,0,0,12521,1
2714,32.0,0,-1,224,1
2715,31.02228085,0,1,14576,1
2716,28.0,1,0,52,0
2717,55.0,1,0,1130,1
2718,32.0,1,-1,352,0
2719,61.0,1,0,133,1
2720,41.39003205,1,0,22976,1
2721,39.0,1,0,246,0
2722,32.21094577,0,0,17254,1
2723,33.0,1,-1,129,0
2724,36.0,1,0,121,0
2725,29.0,1,0,195,0
2726,35.0,1,0,423,1
2727,20.0,1,0,639,1
2728,43.0,1,0,434,0
2729,49.0,0,0,412,1
2730,34.99049965,1,0,63419,1
2731,55.0,0,0,38,0
2732,47.25491963,0,0,11544,1
2733,50.0,1,0,863,1
2734,37.0,1,0,72,0
2735,32.62692239,0,0,68029,1
2736,49.0,0,-1,62,0
2737,45.0,1,0,224,1
2738,46.0,0,0,293,1
2739,51.0,1,0,87,0
2740,44.0,1,0,283,0
2741,29.0,0,0,122,0
2742,52.0,1,0,40,0
2743,27.0,0,1,374,1
2744,54.0,0,0,50,0
2745,43.0,0,0,279,0
2746,56.0,1,0,728,1
2747,37.85496398,1,-1,8800,1
2748,32.0,0,0,231,0
2749,58.0,1,0,65,0
2750,59.0,0,0,1368,0
2751,40.0,1,0,605,1
2752,73.04116595,0,1,14822,1
2753,34.0,1,-1,231,1
2754,27.0,1,0,663,1
2755,30.0,0,0,578,1
2756,57.0,1,0,512,1
2757,57.0,0,0,610,1
2758,21.0,0,0,270,1
2759,31.0,0,0,240,0
2760,24.0,0,1,133,1
2761,29.0,0,0,1224,1
2762,26.55598997,0,1,153,1
2763,58.32789621,0,0,20210,1
2764,31.0,0,-1,405,1
2765,56.0,0,0,819,1
2766,41.0,0,0,158,0
2767,26.0,1,0,576,1
2768,38.0,1,0,442,1
2769,30.94717492,0,0,18953,1
2770,29.48295011,1,0,20644,1
2771,28.31114616,0,0,60866,1
2772,37.1575245,0,0,27427,1
2773,62.0,0,0,276,0
2774,30.0,0,0,192,0
2775,31.0,1,0,506,1
2776,32.73418186,1,0,21979,1
2777,59.0,1,0,695,1
2778,38.0,1,0,67,0
2779,33.0,0,0,362,0
2780,31.98181584,1,1,64756,1
2781,41.0,0,0,257,1
2782,32.0,1,0,61,0
2783,69.0,0,0,967,1
2784,24.93679927,0,0,10835,1
2785,37.40651953,1,0,19139,1
2786,26.0,0,0,464,1
2787,41.0,1,-1,1038,1
2788,31.0,1,-1,1341,1
2789,51.0,0,0,204,0
2790,37.0,1,1,428,1
2791,32.0,1,0,43,0
2792,58.0,1,0,19,0
2793,38.12374127,1,0,16736,1
2794,44.0,0,0,1077,1
2795,67.0,0,0,441,1
2796,45.0,0,0,91,0
2797,41.07393882,1,0,58295,1
2798,30.0,0,0,1407,1
2799,32.0,1,0,820,1
2800,31.0,0,0,36,0
2801,61.0,0,-1,131,1
2802,39.0,0,0,418,0
2803,51.0,1,0,87,0
2804,40.0,1,0,657,1
2805,32.0,0,0,492,1
2806,30.0,1,0,5,0
2807,32.0,1,0,99,0
2808,27.0,1,0,84,0
2809,27.53867575,1,0,72555,1
2810,63.0,0,1,263,1
2811,38.0,1,0,156,0
2812,29.0,1,0,76,0
2813,53.6717943,0,0,10477,1
2814,26.0,0,0,210,1
2815,31.0,1,0,238,0
2816,50.82237658,1,0,449,1
2817,34.0,1,-1,231,1
2818,43.0,1,-1,11,0
2819,61.0,1,1,210,1
2820,46.53086013,0,0,17653,1
2821,59.0,0,0,815,1
2822,40.0,1,1,306,1
2823,42.0,0,-1,361,0
2824,27.0,1,0,85,0
2825,42.00628933,0,0,26848,1
2826,46.0,0,0,121,1
2827,47.76531368,0,0,79125,1
2828,31.04246529,0,0,449,1
2829,50.0,1,0,711,1
2830,36.0,0,0,151,1
2831,33.0,0,0,398,1
2832,57.96882027,0,0,27280,1
2833,55.0,0,0,79,0
2834,55.51780819,0,1,93,1
2835,40.0,1,-1,97,0
2836,37.0,0,0,162,1
2837,56.0,1,0,236,0
2838,55.0,0,0,144,0
2839,48.0,0,0,270,1
2840,28.0,0,0,867,1
2841,42.0,0,0,7,0
2842,47.21573244,1,0,15456,1
2843,37.0,0,1,759,1
2844,31.91086366,1,0,771,1
2845,45.0,1,0,110,0
2846,36.97479461,0,0,149,1
2847,42.0,0,1,233,0
2848,51.0,0,0,564,0
2849,56.0,0,0,49,0
2850,35.0,0,1,133,1
2851,41.0,0,0,474,0
2852,47.0,1,0,43,0
2853,28.0,1,-1,47,0
2854,51.50062415,0,0,15948,1
2855,58.0,0,0,227,0
2856,45.0,1,0,528,1
2857,53.0,0,0,715,0
2858,31.0,1,-1,148,0
2859,35.0,0,0,205,0
2860,48.0,1,0,629,1
2861,45.0,0,0,878,1
2862,30.0,0,0,350,0
2863,39.0,0,0,260,0
2864,62.0,0,1,606,1
2865,29.0,0,0,393,1
2866,59.33454039,0,0,14362,1
2867,43.0,1,-1,257,1
2868,29.0,1,0,259,1
2869,55.0,1,0,112,0
2870,28.0,0,0,554,0
2871,47.0,0,1,7374,1
2872,36.21781213,1,0,70490,1
2873,55.0,1,0,126,0
2874,43.0,1,0,131,0
2875,40.0,0,0,310,0
2876,50.91335098,0,0,25287,1
2877,32.0,1,0,106,0
2878,35.0,1,0,594,1
2879,52.0,0,0,181,0
2880,50.0,1,0,205,0
2881,42.0,1,0,22,0
2882,51.2489678,0,0,20419,1
2883,42.0,1,0,75,0
2884,37.0,1,0,108,0
2885,45.0,1,0,691,1
2886,52.0,0,0,254,0
2887,50.0,1,0,526,1
2888,46.0,1,1,326,0
2889,49.0,0,0,135,0
2890,49.55790769,0,0,14387,1
2891,31.0,0,0,176,1
2892,57.0,0,0,369,1
2893,34.25929825,0,0,1341,1
2894,30.0,1,-1,199,0
2895,44.30197809,1,0,11238,1
2896,30.94717492,0,0,18953,1
2897,42.0,1,0,149,0
2898,32.0,1,0,71,0
2899,31.0,1,-1,99,0
2900,52.0,0,0,179,0
2901,50.0,0,0,160,1
2902,37.0,1,-1,623,0
2903,18.0,0,0,267,1
2904,41.0,1,0,1508,1
2905,22.0,1,0,105,0
2906,28.0,1,0,24,0
2907,27.0,1,0,29,0
2908,35.0,1,0,131,0
2909,42.0,1,1,271,1
2910,44.0,1,0,294,0
2911,32.0,0,0,204,0
2912,31.0,1,0,462,0
2913,31.0,0,0,218,0
2914,24.0,1,0,7,0
2915,33.0,1,-1,669,1
2916,57.0,0,0,166,1
2917,41.0,0,0,651,1
2918,37.0,1,0,125,0
2919,34.69516872,1,0,60720,1
2920,45.29778196,0,1,1806,1
2921,77.0,1,1,361,1
2922,35.66114263,1,0,153,1
2923,45.0,1,1,418,1
2924,41.0,1,0,395,1
2925,53.0,0,0,66,0
2926,42.0411481,0,0,13294,1
2927,70.0,0,0,651,1
2928,31.7887088,1,0,23683,1
2929,44.0,0,0,92,0
2930,29.0,0,0,70,0
2931,34.0,0,1,262,1
2932,25.0,0,0,347,0
2933,47.0,1,0,83,0
2934,32.0,1,0,101,1
2935,48.0,1,0,204,0
2936,56.0,1,0,336,0
2937,35.0,1,0,542,1
2938,53.0,0,0,1310,1
2939,77.0,0,0,134,1
2940,53.0,0,0,255,0
2941,38.0,1,0,406,1
2942,36.0,1,0,121,0
2943,42.0,1,0,667,1
2944,52.0,0,0,198,0
2945,53.0,0,0,112,0
2946,59.0,1,0,103,0
2947,52.4945582,0,0,23812,1
2948,37.0,0,0,500,0
2949,43.0,1,0,153,0
2950,43.0,1,0,902,1
2951,35.7713082,0,0,27510,1
2952,37.74857618,1,0,1344,1
2953,40.30795079,0,0,59726,1
2954,24.0,1,0,209,0
2955,37.46435288,0,0,15697,1
2956,35.0,0,0,593,1
2957,41.0,0,0,1053,1
2958,30.0,1,0,1031,1
2959,28.0,1,0,78,0
2960,49.0,0,-1,181,1
2961,31.28895821,1,0,22173,1
2962,35.0,0,0,200,1
2963,31.79961358,0,1,20668,1
2964,33.0,0,-1,425,0
2965,78.0,0,0,351,1
2966,35.0,1,-1,326,1
2967,40.0,1,0,134,0
2968,32.0,0,0,204,0
2969,24.30887499,0,0,18106,1
2970,40.99323052,0,1,21679,1
2971,40.0,0,0,19,0
2972,30.0,1,0,370,1
2973,80.0,0,-1,639,1
2974,33.0,1,0,423,0
2975,50.0,0,-1,455,1
2976,59.0,0,0,283,0
2977,48.0,0,0,452,0
2978,34.0,0,0,37,0
2979,46.0,0,0,1199,1
2980,33.0,1,0,424,1
2981,58.0,0,0,132,1
2982,49.0,0,0,1439,1
2983,31.0,1,0,118,0
2984,35.0,1,0,860,1
2985,29.0,0,0,140,0
2986,60.0,0,0,318,1
2987,29.0,1,0,139,0
2988,57.0,0,1,107,1
2989,37.85496398,1,-1,8800,1
2990,31.0,1,0,119,0
2991,37.0,0,0,187,0
2992,26.0,0,0,890,1
2993,41.0,0,0,147,0
2994,40.0,1,0,110,0
2995,59.0,0,0,48,0
2996,43.0,0,0,618,1
2997,50.0,0,0,43,0
2998,47.0,0,0,103,0
2999,38.0,1,0,20,0
3000,30.51769972,1,0,22545,1
3001,41.45595027,0,0,288,1
3002,38.0,1,0,1484,1
3003,56.0,0,0,89,0
3004,58.0,0,0,228,1
3005,37.04789694,0,1,61274,1
3006,30.0,0,0,71,0
3007,60.0,0,0,380,1
3008,28.0,1,-1,269,1
3009,33.0,0,0,563,1
3010,36.0,0,0,282,1
3011,47.25491963,0,0,11544,1
3012,24.0,0,0,109,0
3013,62.0,0,1,288,1
3014,27.0,1,0,124,0
3015,54.74027763,0,1,61274,1
3016,35.0,0,0,75,0
3017,39.0,1,-1,122,0
3018,35.76993212,0,0,19134,1
3019,48.0,0,0,1249,1
3020,38.0,0,0,94,0
3021,30.0,1,0,83,0
3022,59.0,0,0,225,0
3023,26.0,1,0,282,0
3024,58.0,0,0,55,0
3025,26.0,0,0,479,1
3026,57.0,1,0,684,0
3027,51.0,0,0,8,0
3028,28.0,1,-1,228,0
3029,39.0,1,0,246,0
3030,51.0,0,0,234,0
3031,58.1338986,1,0,67528,1
3032,52.88837284,0,0,9385,1
3033,26.0,0,0,402,0
3034,51.1276134,1,0,66429,1
3035,29.0,1,0,1179,0
3036,33.0,1,0,310,0
3037,61.0,0,1,394,1
3038,67.0,0,0,537,1
3039,53.0,1,-1,45,0
3040,32.0,0,0,132,0
3041,55.0,1,0,116,1
3042,25.0,1,0,903,1
3043,41.39523505,0,0,9748,1
3044,32.0,1,-1,169,0
3045,39.5819083,1,0,25698,1
3046,31.0,1,0,572,1
3047,32.0,0,0,86,0
3048,49.0,0,0,452,1
3049,35.0,0,0,335,0
3050,37.0,1,-1,85,0
3051,59.64461982,0,1,15630,1
3052,53.0,0,0,2372,1
3053,35.0,1,0,452,0
3054,46.09509127,1,0,19981,1
3055,52.0,0,-1,165,0
3056,53.0,0,0,558,1
3057,26.0,1,-1,55,0
3058,33.0,1,0,1207,1
3059,57.0,1,0,157,0
3060,45.0,0,0,479,1
3061,51.23126579,0,0,60884,1
3062,47.0,1,0,196,0
3063,32.0,1,0,411,1
3064,29.0,0,1,214,1
3065,39.0,0,0,72773,1
3066,46.0,0,0,72,0
3067,42.0,1,0,562,1
3068,30.39959148,1,0,15664,1
3069,37.0,0,0,185,0
3070,38.0,1,0,71,0
3071,47.0,0,0,236,0
3072,46.0,1,0,1244,1
3073,29.0,1,0,754,1
3074,41.0,0,-1,206,0
3075,31.0,1,-1,895,1
3076,27.14847705,0,0,16126,1
3077,43.0,0,0,107,0
3078,38.0,1,0,800,0
3079,73.0,0,0,281,1
3080,77.0,0,1,289,1
3081,37.0,0,0,222,0
3082,32.0,0,0,121,0
3083,27.0,1,0,391,1
3084,30.0,1,0,658,1
3085,46.39371333,0,0,21813,1
3086,29.0,0,-1,968,1
3087,35.0,0,0,436,0
3088,39.0,0,0,208,1
3089,23.0,0,0,414,1
3090,54.0,0,0,651,0
3091,56.53374357,0,0,60274,1
3092,47.28848237,0,1,28277,1
3093,26.0,1,0,224,0
3094,34.0,0,0,158,0
3095,40.0,1,0,265,0
3096,30.76310877,1,0,12896,1
3097,44.0,1,0,13,0
3098,57.0,1,0,47,0
3099,51.0,0,0,267,1
3100,61.0,0,1,562,1
3101,53.0,0,0,781,1
